create database `jvs-team-work-ultimate` default character set utf8mb4 collate utf8mb4_general_ci;
use jvs-team-work-ultimate;

SET NAMES utf8mb4;
SET FOREIGN_KEY_CHECKS = 0;

-- ----------------------------
-- Table structure for message_notice
-- ----------------------------
DROP TABLE IF EXISTS `message_notice`;
CREATE TABLE `message_notice`  (
  `id` varchar(50) CHARACTER SET utf8mb4 COLLATE utf8mb4_general_ci NOT NULL COMMENT 'id',
  `receiver_ids` text CHARACTER SET utf8mb4 COLLATE utf8mb4_general_ci NULL COMMENT '接收人角色(项目拥有者...)',
  `message_template_id` varchar(50) CHARACTER SET utf8mb4 COLLATE utf8mb4_general_ci NULL DEFAULT NULL COMMENT '消息模板id',
  `platform` enum('EMAIL','WECHAT_WORK_AGENT','WECHAT_WORK_ROBOT','WECHAT_OFFICIAL_ACCOUNT','DING_TALK_CORP','DING_TALK_ROBOT','ALI_SMS','INSIDE_NOTIFICATION') CHARACTER SET utf8mb4 COLLATE utf8mb4_general_ci NULL DEFAULT 'INSIDE_NOTIFICATION' COMMENT '平台（站内信 邮件 短信 公众号）',
  `relevance_id` varchar(50) CHARACTER SET utf8mb4 COLLATE utf8mb4_general_ci NULL DEFAULT NULL COMMENT '关联id',
  `relevance_type` enum('task','project','schedule','okr_objectives','okr_key_result') CHARACTER SET utf8mb4 COLLATE utf8mb4_general_ci NULL DEFAULT 'project' COMMENT '关联类型（项目）',
  `activation_is` tinyint(1) NULL DEFAULT 0 COMMENT '是否激活',
  `event_code` enum('project_create','project_update','project_delete','project_pigeonhole','project_move_recycle','task_create','task_update','task_delete','task_move_recycle','task_finished','okr_objective_update','okr_objective_finished','okr_objective_del','okr_key_result_update','okr_key_result_finished','okr_key_result_del','plan_probation') CHARACTER SET utf8mb4 COLLATE utf8mb4_general_ci NULL DEFAULT NULL COMMENT '事件触发代码',
  `create_time` datetime NULL DEFAULT CURRENT_TIMESTAMP COMMENT '创建时间',
  `update_time` datetime NULL DEFAULT CURRENT_TIMESTAMP ON UPDATE CURRENT_TIMESTAMP COMMENT '编辑时间',
  `create_by_id` varchar(50) CHARACTER SET utf8mb4 COLLATE utf8mb4_general_ci NULL DEFAULT NULL COMMENT '创建人id',
  `create_by` varchar(50) CHARACTER SET utf8mb4 COLLATE utf8mb4_general_ci NULL DEFAULT NULL COMMENT '创建人名称',
  `update_by` varchar(50) CHARACTER SET utf8mb4 COLLATE utf8mb4_general_ci NULL DEFAULT NULL COMMENT '编辑人名称',
  `tenant_id` varchar(50) CHARACTER SET utf8mb4 COLLATE utf8mb4_general_ci NULL DEFAULT NULL COMMENT '租户id',
  PRIMARY KEY (`id`) USING BTREE
) ENGINE = InnoDB CHARACTER SET = utf8mb4 COLLATE = utf8mb4_general_ci COMMENT = '消息通知' ROW_FORMAT = Dynamic;

-- ----------------------------
-- Records of message_notice
-- ----------------------------

-- ----------------------------
-- Table structure for message_template
-- ----------------------------
DROP TABLE IF EXISTS `message_template`;
CREATE TABLE `message_template`  (
  `id` varchar(50) CHARACTER SET utf8mb4 COLLATE utf8mb4_general_ci NOT NULL COMMENT 'id',
  `name` varchar(255) CHARACTER SET utf8mb4 COLLATE utf8mb4_general_ci NULL DEFAULT NULL COMMENT '模板名称',
  `platform` enum('EMAIL','WECHAT_WORK_AGENT','WECHAT_WORK_ROBOT','WECHAT_OFFICIAL_ACCOUNT','DING_TALK_CORP','DING_TALK_ROBOT','ALI_SMS','INSIDE_NOTIFICATION') CHARACTER SET utf8mb4 COLLATE utf8mb4_general_ci NULL DEFAULT 'INSIDE_NOTIFICATION' COMMENT '平台（站内信 邮件 短信 公众号）',
  `template_code` varchar(255) CHARACTER SET utf8mb4 COLLATE utf8mb4_general_ci NULL DEFAULT NULL COMMENT '平台申请的模板code',
  `template_params` text CHARACTER SET utf8mb4 COLLATE utf8mb4_general_ci NULL COMMENT '模板配置（参数对应）',
  `sms_signature` varchar(255) CHARACTER SET utf8mb4 COLLATE utf8mb4_general_ci NULL DEFAULT NULL COMMENT '短信签名',
  `template_content` text CHARACTER SET utf8mb4 COLLATE utf8mb4_general_ci NULL COMMENT '模板内容',
  `belong_to` enum('task','project','schedule','okr_objectives','okr_key_result') CHARACTER SET utf8mb4 COLLATE utf8mb4_general_ci NOT NULL DEFAULT 'project' COMMENT '模板归属类型',
  `create_time` datetime NULL DEFAULT CURRENT_TIMESTAMP COMMENT '创建时间',
  `update_time` datetime NULL DEFAULT CURRENT_TIMESTAMP ON UPDATE CURRENT_TIMESTAMP COMMENT '编辑时间',
  `create_by_id` varchar(50) CHARACTER SET utf8mb4 COLLATE utf8mb4_general_ci NULL DEFAULT NULL COMMENT '创建人id',
  `create_by` varchar(50) CHARACTER SET utf8mb4 COLLATE utf8mb4_general_ci NULL DEFAULT NULL COMMENT '创建人名称',
  `update_by` varchar(50) CHARACTER SET utf8mb4 COLLATE utf8mb4_general_ci NULL DEFAULT NULL COMMENT '编辑人名称',
  `tenant_id` varchar(50) CHARACTER SET utf8mb4 COLLATE utf8mb4_general_ci NULL DEFAULT NULL COMMENT '租户id',
  PRIMARY KEY (`id`) USING BTREE
) ENGINE = InnoDB CHARACTER SET = utf8mb4 COLLATE = utf8mb4_general_ci COMMENT = '消息模板' ROW_FORMAT = Dynamic;

-- ----------------------------
-- Records of message_template
-- ----------------------------

-- ----------------------------
-- Table structure for message_type_variable
-- ----------------------------
DROP TABLE IF EXISTS `message_type_variable`;
CREATE TABLE `message_type_variable`  (
  `id` varchar(50) CHARACTER SET utf8mb4 COLLATE utf8mb4_general_ci NOT NULL,
  `type` enum('task','project','schedule','okr_objectives','okr_key_result') CHARACTER SET utf8mb4 COLLATE utf8mb4_general_ci NULL DEFAULT 'project' COMMENT '类型',
  `variable_id` varchar(50) CHARACTER SET utf8mb4 COLLATE utf8mb4_general_ci NULL DEFAULT NULL COMMENT '变量id',
  `create_time` datetime NULL DEFAULT CURRENT_TIMESTAMP COMMENT '创建时间',
  `update_time` datetime NULL DEFAULT CURRENT_TIMESTAMP ON UPDATE CURRENT_TIMESTAMP COMMENT '编辑时间',
  `create_by_id` varchar(50) CHARACTER SET utf8mb4 COLLATE utf8mb4_general_ci NULL DEFAULT NULL COMMENT '创建人id',
  `create_by` varchar(50) CHARACTER SET utf8mb4 COLLATE utf8mb4_general_ci NULL DEFAULT NULL COMMENT '创建人名称',
  `update_by` varchar(50) CHARACTER SET utf8mb4 COLLATE utf8mb4_general_ci NULL DEFAULT NULL COMMENT '编辑人名称',
  PRIMARY KEY (`id`) USING BTREE,
  UNIQUE INDEX `UQ_TYPE_VARIABLE_ID`(`type`, `variable_id`) USING BTREE
) ENGINE = InnoDB CHARACTER SET = utf8mb4 COLLATE = utf8mb4_general_ci COMMENT = '消息-类型-变量' ROW_FORMAT = Dynamic;

-- ----------------------------
-- Records of message_type_variable
-- ----------------------------

-- ----------------------------
-- Table structure for message_variable
-- ----------------------------
DROP TABLE IF EXISTS `message_variable`;
CREATE TABLE `message_variable`  (
  `id` varchar(50) CHARACTER SET utf8mb4 COLLATE utf8mb4_general_ci NOT NULL COMMENT 'id',
  `variable_name` varchar(255) CHARACTER SET utf8mb4 COLLATE utf8mb4_general_ci NULL DEFAULT NULL COMMENT '名称',
  `variable_code` varchar(255) CHARACTER SET utf8mb4 COLLATE utf8mb4_general_ci NULL DEFAULT NULL COMMENT '变量code',
  `create_time` datetime NULL DEFAULT CURRENT_TIMESTAMP COMMENT '创建时间',
  `update_time` datetime NULL DEFAULT CURRENT_TIMESTAMP ON UPDATE CURRENT_TIMESTAMP COMMENT '编辑时间',
  `create_by_id` varchar(50) CHARACTER SET utf8mb4 COLLATE utf8mb4_general_ci NULL DEFAULT NULL COMMENT '创建人id',
  `create_by` varchar(50) CHARACTER SET utf8mb4 COLLATE utf8mb4_general_ci NULL DEFAULT NULL COMMENT '创建人名称',
  `update_by` varchar(50) CHARACTER SET utf8mb4 COLLATE utf8mb4_general_ci NULL DEFAULT NULL COMMENT '编辑人名称',
  PRIMARY KEY (`id`) USING BTREE,
  UNIQUE INDEX `UQ_VARIABLE_CODE`(`variable_code`) USING BTREE
) ENGINE = InnoDB CHARACTER SET = utf8mb4 COLLATE = utf8mb4_general_ci COMMENT = '消息 -事件-变量' ROW_FORMAT = Dynamic;

-- ----------------------------
-- Records of message_variable
-- ----------------------------

-- ----------------------------
-- Table structure for okr_cycle
-- ----------------------------
DROP TABLE IF EXISTS `okr_cycle`;
CREATE TABLE `okr_cycle`  (
  `id` varchar(50) CHARACTER SET utf8mb4 COLLATE utf8mb4_general_ci NOT NULL COMMENT 'okr 周期id',
  `name` varchar(50) CHARACTER SET utf8mb4 COLLATE utf8mb4_general_ci NULL DEFAULT NULL COMMENT '周期名称',
  `start_at` date NULL DEFAULT NULL COMMENT '周期开始时间 yyyy-MM',
  `end_at` date NULL DEFAULT NULL COMMENT '周期结束时间 yyyy-MM',
  `param_year` varchar(50) CHARACTER SET utf8mb4 COLLATE utf8mb4_general_ci NULL DEFAULT NULL COMMENT '参数1 year 年份',
  `param_defined` varchar(50) CHARACTER SET utf8mb4 COLLATE utf8mb4_general_ci NULL DEFAULT NULL COMMENT '参数2 自定义数值',
  `param_unit` enum('WEEK','MONTH','QUARTER','ALL') CHARACTER SET utf8mb4 COLLATE utf8mb4_general_ci NULL DEFAULT 'WEEK' COMMENT '参数3 自定义单位',
  `create_time` datetime NULL DEFAULT NULL COMMENT '创建时间',
  `update_time` datetime NULL DEFAULT NULL COMMENT '编辑时间',
  `create_by_id` varchar(50) CHARACTER SET utf8mb4 COLLATE utf8mb4_general_ci NULL DEFAULT NULL COMMENT '创建人id',
  `create_by` varchar(50) CHARACTER SET utf8mb4 COLLATE utf8mb4_general_ci NULL DEFAULT NULL COMMENT '创建人名称',
  `update_by` varchar(50) CHARACTER SET utf8mb4 COLLATE utf8mb4_general_ci NULL DEFAULT NULL COMMENT '修改人名称',
  `tenant_id` varchar(50) CHARACTER SET utf8mb4 COLLATE utf8mb4_general_ci NULL DEFAULT NULL COMMENT '租户',
  PRIMARY KEY (`id`) USING BTREE
) ENGINE = InnoDB CHARACTER SET = utf8mb4 COLLATE = utf8mb4_general_ci COMMENT = 'okr 周期表' ROW_FORMAT = Dynamic;

-- ----------------------------
-- Records of okr_cycle
-- ----------------------------

-- ----------------------------
-- Table structure for okr_key_result
-- ----------------------------
DROP TABLE IF EXISTS `okr_key_result`;
CREATE TABLE `okr_key_result`  (
  `id` varchar(50) CHARACTER SET utf8mb4 COLLATE utf8mb4_general_ci NOT NULL COMMENT 'okr 关键结果id',
  `objectives_id` varchar(50) CHARACTER SET utf8mb4 COLLATE utf8mb4_general_ci NULL DEFAULT NULL COMMENT 'okr 所属目标id',
  `name` varchar(50) CHARACTER SET utf8mb4 COLLATE utf8mb4_general_ci NULL DEFAULT NULL COMMENT 'okr 关键结果名称',
  `progress` double(4, 1) NULL DEFAULT NULL COMMENT 'okr 结果进度',
  `weight` int(3) NULL DEFAULT 1 COMMENT 'okr 关键结果权重',
  `relevancy_is` tinyint(1) NULL DEFAULT 0 COMMENT 'okr 关键结果是否关联项目',
  `relevancy_id` varchar(50) CHARACTER SET utf8mb4 COLLATE utf8mb4_general_ci NULL DEFAULT NULL COMMENT 'okr 关键结果关联id(项目)',
  `fraction` double(4, 1) NULL DEFAULT 0.0 COMMENT '分数',
  `sort` int(3) NULL DEFAULT NULL COMMENT '排序序号',
  `create_time` datetime NULL DEFAULT CURRENT_TIMESTAMP COMMENT '创建时间',
  `update_time` datetime NULL DEFAULT CURRENT_TIMESTAMP ON UPDATE CURRENT_TIMESTAMP COMMENT '更新时间',
  `create_by_id` varchar(50) CHARACTER SET utf8mb4 COLLATE utf8mb4_general_ci NULL DEFAULT NULL COMMENT '创建人id',
  `create_by` varchar(50) CHARACTER SET utf8mb4 COLLATE utf8mb4_general_ci NULL DEFAULT NULL COMMENT '创建人名称',
  `update_by` varchar(50) CHARACTER SET utf8mb4 COLLATE utf8mb4_general_ci NULL DEFAULT NULL COMMENT '更新人名称',
  `tenant_id` varchar(50) CHARACTER SET utf8mb4 COLLATE utf8mb4_general_ci NULL DEFAULT NULL COMMENT '租户id',
  PRIMARY KEY (`id`) USING BTREE
) ENGINE = InnoDB CHARACTER SET = utf8mb4 COLLATE = utf8mb4_general_ci COMMENT = 'okr 关键结果表' ROW_FORMAT = Dynamic;

-- ----------------------------
-- Records of okr_key_result
-- ----------------------------

-- ----------------------------
-- Table structure for okr_objectives
-- ----------------------------
DROP TABLE IF EXISTS `okr_objectives`;
CREATE TABLE `okr_objectives`  (
  `id` varchar(50) CHARACTER SET utf8mb4 COLLATE utf8mb4_general_ci NOT NULL COMMENT 'okr 目标id',
  `name` varchar(50) CHARACTER SET utf8mb4 COLLATE utf8mb4_general_ci NOT NULL COMMENT 'okr 目标名称',
  `type` enum('company','dept','team','person') CHARACTER SET utf8mb4 COLLATE utf8mb4_general_ci NULL DEFAULT 'person' COMMENT 'okr 目标类型',
  `visible_range` enum('all','specify_scope') CHARACTER SET utf8mb4 COLLATE utf8mb4_general_ci NULL DEFAULT 'all' COMMENT 'okr 目标可见性',
  `parent_id` varchar(50) CHARACTER SET utf8mb4 COLLATE utf8mb4_general_ci NULL DEFAULT NULL COMMENT 'okr 父级目标id',
  `status` enum('normal','risk','extended') CHARACTER SET utf8mb4 COLLATE utf8mb4_general_ci NOT NULL DEFAULT 'normal' COMMENT 'okr 目标状态',
  `cycle_id` varchar(50) CHARACTER SET utf8mb4 COLLATE utf8mb4_general_ci NULL DEFAULT NULL COMMENT '周期id',
  `fraction` double(4, 1) NULL DEFAULT 0.0 COMMENT '分数',
  `create_time` datetime NULL DEFAULT CURRENT_TIMESTAMP COMMENT '创建时间',
  `update_time` datetime NULL DEFAULT CURRENT_TIMESTAMP ON UPDATE CURRENT_TIMESTAMP COMMENT '编辑时间',
  `auto_progress` tinyint(1) NULL DEFAULT 0 COMMENT '是否自动更新进度',
  `progress` double(4, 1) NULL DEFAULT NULL COMMENT 'okr 目标进度',
  `push_message_is` tinyint(1) NULL DEFAULT 0 COMMENT '是否推送消息',
  `create_by_id` varchar(50) CHARACTER SET utf8mb4 COLLATE utf8mb4_general_ci NULL DEFAULT NULL COMMENT '创建人id',
  `create_by` varchar(50) CHARACTER SET utf8mb4 COLLATE utf8mb4_general_ci NULL DEFAULT NULL COMMENT '创建人名称',
  `update_by` varchar(50) CHARACTER SET utf8mb4 COLLATE utf8mb4_general_ci NULL DEFAULT NULL COMMENT '编辑人名称',
  `tenant_id` varchar(50) CHARACTER SET utf8mb4 COLLATE utf8mb4_general_ci NULL DEFAULT NULL COMMENT '租户id',
  PRIMARY KEY (`id`) USING BTREE
) ENGINE = InnoDB CHARACTER SET = utf8mb4 COLLATE = utf8mb4_general_ci COMMENT = 'okr_目标表' ROW_FORMAT = Dynamic;

-- ----------------------------
-- Records of okr_objectives
-- ----------------------------

-- ----------------------------
-- Table structure for okr_objectives_his
-- ----------------------------
DROP TABLE IF EXISTS `okr_objectives_his`;
CREATE TABLE `okr_objectives_his`  (
  `id` varchar(50) CHARACTER SET utf8mb4 COLLATE utf8mb4_general_ci NULL DEFAULT NULL COMMENT 'okr 目标id',
  `name` varchar(50) CHARACTER SET utf8mb4 COLLATE utf8mb4_general_ci NULL DEFAULT NULL COMMENT 'okr 目标名称',
  `type` enum('company','dept','team','person') CHARACTER SET utf8mb4 COLLATE utf8mb4_general_ci NULL DEFAULT 'person' COMMENT 'okr 目标类型',
  `visible_range` enum('all','specify_scope') CHARACTER SET utf8mb4 COLLATE utf8mb4_general_ci NULL DEFAULT 'all' COMMENT 'okr 目标可见性',
  `parent_id` varchar(50) CHARACTER SET utf8mb4 COLLATE utf8mb4_general_ci NULL DEFAULT NULL COMMENT 'okr 父级目标id',
  `status` enum('normal','risk','extended') CHARACTER SET utf8mb4 COLLATE utf8mb4_general_ci NULL DEFAULT 'normal' COMMENT 'okr 目标状态',
  `cycle_id` varchar(50) CHARACTER SET utf8mb4 COLLATE utf8mb4_general_ci NULL DEFAULT NULL COMMENT '周期id',
  `fraction` double(4, 1) NULL DEFAULT 0.0 COMMENT '分数',
  `progress` double(4, 1) NULL DEFAULT NULL COMMENT 'okr 目标进度',
  `create_time` datetime NULL DEFAULT CURRENT_TIMESTAMP COMMENT '创建时间',
  `update_time` datetime NULL DEFAULT CURRENT_TIMESTAMP ON UPDATE CURRENT_TIMESTAMP COMMENT '编辑时间',
  `auto_progress` tinyint(1) NULL DEFAULT 0 COMMENT '是否自动更新进度',
  `create_by_id` varchar(50) CHARACTER SET utf8mb4 COLLATE utf8mb4_general_ci NULL DEFAULT NULL COMMENT '创建人id',
  `create_by` varchar(50) CHARACTER SET utf8mb4 COLLATE utf8mb4_general_ci NULL DEFAULT NULL COMMENT '创建人名称',
  `update_by` varchar(50) CHARACTER SET utf8mb4 COLLATE utf8mb4_general_ci NULL DEFAULT NULL COMMENT '编辑人名称',
  `record_time` datetime NULL DEFAULT CURRENT_TIMESTAMP COMMENT '历史记录生成时间',
  `push_message_is` tinyint(1) NULL DEFAULT 0 COMMENT '是否推送消息',
  `tenant_id` varchar(50) CHARACTER SET utf8mb4 COLLATE utf8mb4_general_ci NULL DEFAULT NULL COMMENT '租户id'
) ENGINE = InnoDB CHARACTER SET = utf8mb4 COLLATE = utf8mb4_general_ci COMMENT = 'okr_目标表' ROW_FORMAT = Dynamic;

-- ----------------------------
-- Records of okr_objectives_his
-- ----------------------------

-- ----------------------------
-- Table structure for plugins
-- ----------------------------
DROP TABLE IF EXISTS `plugins`;
CREATE TABLE `plugins`  (
  `id` varchar(50) CHARACTER SET utf8mb4 COLLATE utf8mb4_general_ci NOT NULL,
  `plugin_name` varchar(50) CHARACTER SET utf8mb4 COLLATE utf8mb4_general_ci NULL DEFAULT NULL COMMENT '插件名称',
  `plugin_desc` varchar(255) CHARACTER SET utf8mb4 COLLATE utf8mb4_general_ci NULL DEFAULT NULL COMMENT '插件描述',
  `plugin_img` varchar(255) CHARACTER SET utf8mb4 COLLATE utf8mb4_general_ci NULL DEFAULT NULL COMMENT '插件图片',
  `plugin_type` enum('base','dev','expand') CHARACTER SET utf8mb4 COLLATE utf8mb4_general_ci NULL DEFAULT 'base' COMMENT '插件类型',
  `sort_num` int(11) NULL DEFAULT 0 COMMENT '插件优先级（排序）',
  `plugin_router` varchar(255) CHARACTER SET utf8mb4 COLLATE utf8mb4_general_ci NULL DEFAULT NULL COMMENT '插件路由',
  `is_default` tinyint(1) NULL DEFAULT 0 COMMENT '是否为默认插件',
  PRIMARY KEY (`id`) USING BTREE
) ENGINE = InnoDB CHARACTER SET = utf8mb4 COLLATE = utf8mb4_general_ci COMMENT = '插件' ROW_FORMAT = Dynamic;

-- ----------------------------
-- Records of plugins
-- ----------------------------
INSERT INTO `plugins` VALUES ('0b16f5461e62a748dbfa9f89ae7f330f', '共享文档', '计划成员可执行创建文件夹并上传计\r\n划相关文件，同时可查看所有任务附件', NULL, 'expand', 4, '/project/space/documents', 0);
INSERT INTO `plugins` VALUES ('1194ab903fd9e6509b4cc6da803d57f2', '人力工时', '用于项目管理中的工时查看、统计与导出', 'iconfont icon-tianjiagongshi', 'dev', 8, NULL, 0);
INSERT INTO `plugins` VALUES ('3055bf78ebdc2b37820be536e26e1f66', '费用成本', '多维度通过人力、时间等分析，对项目整体投入成本及各子项费用统计和管理。', 'iconfont icon-bangongshichengben', 'dev', 11, NULL, 0);
INSERT INTO `plugins` VALUES ('4a3c13f0a2c113cb6c2e134f7754bf5d', '在线报表', '在线设计报表及数据统计方式，并生\r\n成计划报表。', 'iconfont icon-baobiao', 'dev', 7, NULL, 0);
INSERT INTO `plugins` VALUES ('50e525fc8387a1c0ef1907a30072c1e4', '计划概览', '展示当前计划公告、动态、周期级相\r\n关统计信息。', 'iconfont icon-lvzhou_gailan', 'base', 2, '/project/space/overview', 1);
INSERT INTO `plugins` VALUES ('6627e2c4e58621d019df383ded145293', '数据统计', '多维度统计计划数据，包含执行周期、\r\n工作量、任务对比数据等。', 'iconfont icon-tongji', 'dev', 6, NULL, 0);
INSERT INTO `plugins` VALUES ('b1bdbe2490724e42f89f7ca0fe2557f1', '缺陷管理', '记录缺陷的生命周期数据，可以对缺陷进行全方位记录与跟踪。', 'iconfont icon-quexianjiancechaxun', 'dev', 9, NULL, 0);
INSERT INTO `plugins` VALUES ('c66b5192a0988ab3188fcc13bb555c84', '风险管控', '通过风险应用，可以对项目中的风险项进行汇总和沉淀。', 'iconfont icon-fengxiantishi', 'dev', 10, NULL, 0);
INSERT INTO `plugins` VALUES ('c98b5fe09c39abe76bd3d758c4d60816', '任务看板', '以任务看板方式将计划进行细分，随\r\n时了解计划进度。', 'iconfont icon-renwu', 'base', 1, '/project/space/task', 1);
INSERT INTO `plugins` VALUES ('cc36d5051660c949a0d8c7a1d1722247', '协同设计', '计划成员可执多人在线设计文件内容，\r\n实现文件版本记录，发布管理。', 'iconfont icon-bianji', 'expand', 5, '/project/space/teamwork', 0);
INSERT INTO `plugins` VALUES ('ed7ee8e9a0fe457d9ee9b876ed089548', '甘特图', '以甘特图方式将各个任务执行周期进\r\n进行展示，可直观了解当前任务进度。', 'iconfont icon-gantetu', 'base', 3, '/project/space/gantt', 1);

-- ----------------------------
-- Table structure for project_announcement
-- ----------------------------
DROP TABLE IF EXISTS `project_announcement`;
CREATE TABLE `project_announcement`  (
  `id` varchar(50) CHARACTER SET utf8mb4 COLLATE utf8mb4_general_ci NOT NULL,
  `project_id` varchar(50) CHARACTER SET utf8mb4 COLLATE utf8mb4_general_ci NULL DEFAULT NULL COMMENT '项目id',
  `content` text CHARACTER SET utf8mb4 COLLATE utf8mb4_general_ci NULL COMMENT '公告内容',
  `create_by_id` char(50) CHARACTER SET utf8mb4 COLLATE utf8mb4_general_ci NULL DEFAULT NULL COMMENT '创建者ID',
  `create_time` datetime NULL DEFAULT CURRENT_TIMESTAMP COMMENT '创建时间',
  `update_by` varchar(50) CHARACTER SET utf8mb4 COLLATE utf8mb4_general_ci NULL DEFAULT NULL COMMENT '修改人',
  `update_time` datetime NULL DEFAULT CURRENT_TIMESTAMP ON UPDATE CURRENT_TIMESTAMP COMMENT '更新时间',
  `create_by` varchar(50) CHARACTER SET utf8mb4 COLLATE utf8mb4_general_ci NULL DEFAULT NULL COMMENT '创建人名称',
  `tenant_id` varchar(50) CHARACTER SET utf8mb4 COLLATE utf8mb4_general_ci NULL DEFAULT NULL COMMENT '租户ID',
  `title` varchar(50) CHARACTER SET utf8mb4 COLLATE utf8mb4_general_ci NULL DEFAULT NULL COMMENT '标题',
  PRIMARY KEY (`id`) USING BTREE
) ENGINE = InnoDB CHARACTER SET = utf8mb4 COLLATE = utf8mb4_general_ci COMMENT = '项目公告' ROW_FORMAT = Dynamic;

-- ----------------------------
-- Records of project_announcement
-- ----------------------------

-- ----------------------------
-- Table structure for project_attention
-- ----------------------------
DROP TABLE IF EXISTS `project_attention`;
CREATE TABLE `project_attention`  (
  `id` varchar(50) CHARACTER SET utf8mb4 COLLATE utf8mb4_general_ci NOT NULL,
  `relevance_id` varchar(50) CHARACTER SET utf8mb4 COLLATE utf8mb4_general_ci NULL DEFAULT NULL COMMENT '项目id',
  `tenant_id` varchar(50) CHARACTER SET utf8mb4 COLLATE utf8mb4_general_ci NULL DEFAULT NULL COMMENT '租户ID',
  `create_by_id` char(50) CHARACTER SET utf8mb4 COLLATE utf8mb4_general_ci NULL DEFAULT NULL COMMENT '创建者id',
  `update_by` varchar(50) CHARACTER SET utf8mb4 COLLATE utf8mb4_general_ci NULL DEFAULT NULL COMMENT '更新人',
  `create_time` datetime NOT NULL DEFAULT CURRENT_TIMESTAMP COMMENT '创建时间',
  `update_time` datetime NOT NULL DEFAULT CURRENT_TIMESTAMP ON UPDATE CURRENT_TIMESTAMP COMMENT '更新时间',
  `create_by` varchar(50) CHARACTER SET utf8mb4 COLLATE utf8mb4_general_ci NULL DEFAULT NULL COMMENT '创建人',
  PRIMARY KEY (`id`) USING BTREE
) ENGINE = InnoDB CHARACTER SET = utf8mb4 COLLATE = utf8mb4_general_ci COMMENT = '项目关注表' ROW_FORMAT = Dynamic;

-- ----------------------------
-- Records of project_attention
-- ----------------------------

-- ----------------------------
-- Table structure for project_branch
-- ----------------------------
DROP TABLE IF EXISTS `project_branch`;
CREATE TABLE `project_branch`  (
  `id` varchar(50) CHARACTER SET utf8mb4 COLLATE utf8mb4_general_ci NOT NULL COMMENT '分支id',
  `project_id` varchar(50) CHARACTER SET utf8mb4 COLLATE utf8mb4_general_ci NULL DEFAULT NULL COMMENT '计划id',
  `branch_name` varchar(255) CHARACTER SET utf8mb4 COLLATE utf8mb4_general_ci NULL DEFAULT NULL COMMENT '分支名称',
  `branch_remark` varchar(500) CHARACTER SET utf8mb4 COLLATE utf8mb4_general_ci NULL DEFAULT NULL COMMENT '分支说明',
  `root_commit_id` varchar(50) CHARACTER SET utf8mb4 COLLATE utf8mb4_general_ci NULL DEFAULT NULL COMMENT '分支根节点id（为-1则为起始节点）',
  `head_commit_id` varchar(50) CHARACTER SET utf8mb4 COLLATE utf8mb4_general_ci NULL DEFAULT NULL COMMENT '分支结束节点',
  `default_branch` tinyint(1) NULL DEFAULT 0 COMMENT '默认分支',
  `color` varchar(255) CHARACTER SET utf8mb4 COLLATE utf8mb4_general_ci NULL DEFAULT NULL COMMENT '显示颜色',
  `create_time` datetime NULL DEFAULT NULL COMMENT '创建时间',
  `update_time` datetime NULL DEFAULT NULL COMMENT '编辑时间',
  `create_by_id` varchar(50) CHARACTER SET utf8mb4 COLLATE utf8mb4_general_ci NULL DEFAULT NULL COMMENT '创建人id',
  `create_by` varchar(50) CHARACTER SET utf8mb4 COLLATE utf8mb4_general_ci NULL DEFAULT NULL COMMENT '创建人名称',
  `update_by` varchar(50) CHARACTER SET utf8mb4 COLLATE utf8mb4_general_ci NULL DEFAULT NULL COMMENT '修改人名称',
  `tenant_id` varchar(50) CHARACTER SET utf8mb4 COLLATE utf8mb4_general_ci NULL DEFAULT NULL COMMENT '租户',
  PRIMARY KEY (`id`) USING BTREE
) ENGINE = InnoDB CHARACTER SET = utf8mb4 COLLATE = utf8mb4_general_ci COMMENT = '项目 多人协同(暂定) 分支' ROW_FORMAT = Dynamic;

-- ----------------------------
-- Records of project_branch
-- ----------------------------

-- ----------------------------
-- Table structure for project_branch_commit
-- ----------------------------
DROP TABLE IF EXISTS `project_branch_commit`;
CREATE TABLE `project_branch_commit`  (
  `id` varchar(50) CHARACTER SET utf8mb4 COLLATE utf8mb4_general_ci NOT NULL COMMENT '提交记录id',
  `project_id` varchar(50) CHARACTER SET utf8mb4 COLLATE utf8mb4_general_ci NOT NULL COMMENT '项目id',
  `branch_id` varchar(50) CHARACTER SET utf8mb4 COLLATE utf8mb4_general_ci NOT NULL COMMENT '分支id',
  `merge_id` varchar(50) CHARACTER SET utf8mb4 COLLATE utf8mb4_general_ci NULL DEFAULT NULL COMMENT '合并源提交记录id',
  `commit_name` varchar(255) CHARACTER SET utf8mb4 COLLATE utf8mb4_general_ci NULL DEFAULT NULL COMMENT '记录节点名称',
  `commit_remark` varchar(255) CHARACTER SET utf8mb4 COLLATE utf8mb4_general_ci NULL DEFAULT NULL COMMENT '提交备注',
  `avatar` varchar(255) CHARACTER SET utf8mb4 COLLATE utf8mb4_general_ci NULL DEFAULT NULL COMMENT '头像',
  `parent_id` varchar(50) CHARACTER SET utf8mb4 COLLATE utf8mb4_general_ci NULL DEFAULT NULL COMMENT '上级节点id（-1为根节点）',
  `commit_statistics` json NULL COMMENT '节点统计',
  `create_time` datetime NULL DEFAULT NULL COMMENT '创建时间',
  `update_time` datetime NULL DEFAULT NULL COMMENT '编辑时间',
  `create_by_id` varchar(50) CHARACTER SET utf8mb4 COLLATE utf8mb4_general_ci NULL DEFAULT NULL COMMENT '创建人id',
  `create_by` varchar(50) CHARACTER SET utf8mb4 COLLATE utf8mb4_general_ci NULL DEFAULT NULL COMMENT '创建人名称',
  `update_by` varchar(50) CHARACTER SET utf8mb4 COLLATE utf8mb4_general_ci NULL DEFAULT NULL COMMENT '修改人名称',
  `tenant_id` varchar(50) CHARACTER SET utf8mb4 COLLATE utf8mb4_general_ci NULL DEFAULT NULL COMMENT '租户',
  PRIMARY KEY (`id`) USING BTREE
) ENGINE = InnoDB CHARACTER SET = utf8mb4 COLLATE = utf8mb4_general_ci COMMENT = '项目 多人协同(暂定) 分支 提交记录' ROW_FORMAT = Dynamic;

-- ----------------------------
-- Records of project_branch_commit
-- ----------------------------

-- ----------------------------
-- Table structure for project_branch_file
-- ----------------------------
DROP TABLE IF EXISTS `project_branch_file`;
CREATE TABLE `project_branch_file`  (
  `id` varchar(50) CHARACTER SET utf8mb4 COLLATE utf8mb4_general_ci NOT NULL DEFAULT '' COMMENT '文件、文件夹id',
  `branch_id` varchar(50) CHARACTER SET utf8mb4 COLLATE utf8mb4_general_ci NOT NULL COMMENT '分支id',
  `commit_id` varchar(50) CHARACTER SET utf8mb4 COLLATE utf8mb4_general_ci NOT NULL COMMENT '提交记录id',
  `project_id` varchar(50) CHARACTER SET utf8mb4 COLLATE utf8mb4_general_ci NOT NULL COMMENT '项目id',
  `origin_id` varchar(50) CHARACTER SET utf8mb4 COLLATE utf8mb4_general_ci NULL DEFAULT NULL COMMENT '初始文件id、原文件id',
  `name` varchar(100) CHARACTER SET utf8mb4 COLLATE utf8mb4_general_ci NULL DEFAULT NULL COMMENT '文件/目录名称',
  `path` varchar(255) CHARACTER SET utf8mb4 COLLATE utf8mb4_general_ci NULL DEFAULT NULL COMMENT '文件/目录路径',
  `dir_path` varchar(255) CHARACTER SET utf8mb4 COLLATE utf8mb4_general_ci NULL DEFAULT '' COMMENT '文件目录',
  `file_version` varchar(255) CHARACTER SET utf8mb4 COLLATE utf8mb4_general_ci NULL DEFAULT NULL COMMENT '文件版本',
  `file_size` bigint(20) NULL DEFAULT NULL COMMENT '文件大小',
  `is_dir` tinyint(1) NULL DEFAULT 0 COMMENT '是否为目录 0否 1是',
  `status` enum('add','edit','del','noChange') CHARACTER SET utf8mb4 COLLATE utf8mb4_general_ci NULL DEFAULT NULL COMMENT '文件状态',
  `file_type` varchar(255) CHARACTER SET utf8mb4 COLLATE utf8mb4_general_ci NULL DEFAULT NULL,
  `bucket_name` varchar(255) CHARACTER SET utf8mb4 COLLATE utf8mb4_general_ci NULL DEFAULT NULL,
  `original_file_name` varchar(255) CHARACTER SET utf8mb4 COLLATE utf8mb4_general_ci NULL DEFAULT NULL,
  `file_path` varchar(255) CHARACTER SET utf8mb4 COLLATE utf8mb4_general_ci NULL DEFAULT NULL COMMENT '文件/目录路径(minio)',
  `create_time` datetime NULL DEFAULT NULL COMMENT '创建时间',
  `update_time` datetime NULL DEFAULT NULL COMMENT '编辑时间',
  `create_by_id` varchar(50) CHARACTER SET utf8mb4 COLLATE utf8mb4_general_ci NULL DEFAULT NULL COMMENT '创建人id',
  `create_by` varchar(50) CHARACTER SET utf8mb4 COLLATE utf8mb4_general_ci NULL DEFAULT NULL COMMENT '创建人名称',
  `update_by_id` varchar(50) CHARACTER SET utf8mb4 COLLATE utf8mb4_general_ci NULL DEFAULT NULL COMMENT '修改人id',
  `update_by` varchar(50) CHARACTER SET utf8mb4 COLLATE utf8mb4_general_ci NULL DEFAULT NULL COMMENT '修改人名称',
  `tenant_id` varchar(50) CHARACTER SET utf8mb4 COLLATE utf8mb4_general_ci NULL DEFAULT NULL COMMENT '租户',
  PRIMARY KEY (`id`) USING BTREE,
  UNIQUE INDEX `UQ_NAME`(`name`, `dir_path`, `commit_id`, `file_type`) USING BTREE COMMENT '同目录下不存在重名文件'
) ENGINE = InnoDB CHARACTER SET = utf8mb4 COLLATE = utf8mb4_general_ci COMMENT = '项目 多人协同(暂定) 分支 提交记录 文件' ROW_FORMAT = Dynamic;

-- ----------------------------
-- Records of project_branch_file
-- ----------------------------

-- ----------------------------
-- Table structure for project_branch_working
-- ----------------------------
DROP TABLE IF EXISTS `project_branch_working`;
CREATE TABLE `project_branch_working`  (
  `id` varchar(50) CHARACTER SET utf8mb4 COLLATE utf8mb4_general_ci NOT NULL,
  `project_id` varchar(50) CHARACTER SET utf8mb4 COLLATE utf8mb4_general_ci NOT NULL COMMENT '项目id',
  `branch_id` varchar(50) CHARACTER SET utf8mb4 COLLATE utf8mb4_general_ci NOT NULL COMMENT '分支id',
  `user_id` varchar(50) CHARACTER SET utf8mb4 COLLATE utf8mb4_general_ci NULL DEFAULT NULL COMMENT '用户id',
  `user_name` varchar(255) CHARACTER SET utf8mb4 COLLATE utf8mb4_general_ci NULL DEFAULT NULL COMMENT '用户名称',
  `user_avatar` varchar(255) CHARACTER SET utf8mb4 COLLATE utf8mb4_general_ci NULL DEFAULT NULL COMMENT '用户头像',
  `create_time` datetime NULL DEFAULT NULL COMMENT '创建时间',
  `update_time` datetime NULL DEFAULT NULL COMMENT '编辑时间',
  `create_by_id` varchar(50) CHARACTER SET utf8mb4 COLLATE utf8mb4_general_ci NULL DEFAULT NULL COMMENT '创建人id',
  `create_by` varchar(50) CHARACTER SET utf8mb4 COLLATE utf8mb4_general_ci NULL DEFAULT NULL COMMENT '创建人名称',
  `update_by` varchar(50) CHARACTER SET utf8mb4 COLLATE utf8mb4_general_ci NULL DEFAULT NULL COMMENT '修改人名称',
  `tenant_id` varchar(50) CHARACTER SET utf8mb4 COLLATE utf8mb4_general_ci NULL DEFAULT NULL COMMENT '租户',
  PRIMARY KEY (`id`) USING BTREE
) ENGINE = InnoDB CHARACTER SET = utf8mb4 COLLATE = utf8mb4_general_ci COMMENT = '项目 协同 分支 工作分支' ROW_FORMAT = Dynamic;

-- ----------------------------
-- Records of project_branch_working
-- ----------------------------

-- ----------------------------
-- Table structure for project_folder
-- ----------------------------
DROP TABLE IF EXISTS `project_folder`;
CREATE TABLE `project_folder`  (
  `id` varchar(50) CHARACTER SET utf8mb4 COLLATE utf8mb4_general_ci NOT NULL,
  `folder_name` varchar(255) CHARACTER SET utf8mb4 COLLATE utf8mb4_general_ci NULL DEFAULT NULL COMMENT '文件夹名称',
  `project_id` varchar(50) CHARACTER SET utf8mb4 COLLATE utf8mb4_general_ci NULL DEFAULT NULL COMMENT '计划id',
  `p_id` varchar(50) CHARACTER SET utf8mb4 COLLATE utf8mb4_general_ci NULL DEFAULT NULL COMMENT '上级文件夹id',
  `cover_color` varchar(255) CHARACTER SET utf8mb4 COLLATE utf8mb4_general_ci NULL DEFAULT NULL COMMENT '封面颜色',
  `file_size` bigint(20) NULL DEFAULT NULL COMMENT '文件大小',
  `create_time` datetime NULL DEFAULT CURRENT_TIMESTAMP COMMENT '创建时间',
  `update_time` datetime NULL DEFAULT CURRENT_TIMESTAMP ON UPDATE CURRENT_TIMESTAMP COMMENT '更新时间',
  `create_by_id` varchar(50) CHARACTER SET utf8mb4 COLLATE utf8mb4_general_ci NULL DEFAULT NULL COMMENT '创建人id',
  `create_by` varchar(50) CHARACTER SET utf8mb4 COLLATE utf8mb4_general_ci NULL DEFAULT NULL COMMENT '创建人名称',
  `update_by` varchar(50) CHARACTER SET utf8mb4 COLLATE utf8mb4_general_ci NULL DEFAULT NULL COMMENT '更新人名称',
  `tenant_id` varchar(50) CHARACTER SET utf8mb4 COLLATE utf8mb4_general_ci NULL DEFAULT NULL COMMENT '租户id',
  PRIMARY KEY (`id`) USING BTREE
) ENGINE = InnoDB CHARACTER SET = utf8mb4 COLLATE = utf8mb4_general_ci COMMENT = '计划-文件夹' ROW_FORMAT = Dynamic;

-- ----------------------------
-- Records of project_folder
-- ----------------------------

-- ----------------------------
-- Table structure for project_folder_file
-- ----------------------------
DROP TABLE IF EXISTS `project_folder_file`;
CREATE TABLE `project_folder_file`  (
  `id` varchar(50) CHARACTER SET utf8mb4 COLLATE utf8mb4_general_ci NOT NULL,
  `project_id` varchar(50) CHARACTER SET utf8mb4 COLLATE utf8mb4_general_ci NOT NULL COMMENT '计划id',
  `folder_id` varchar(50) CHARACTER SET utf8mb4 COLLATE utf8mb4_general_ci NOT NULL COMMENT '文件夹id',
  `file_name_customization` varchar(255) CHARACTER SET utf8mb4 COLLATE utf8mb4_general_ci NULL DEFAULT NULL COMMENT '文件名称',
  `bucket_name` varchar(255) CHARACTER SET utf8mb4 COLLATE utf8mb4_general_ci NULL DEFAULT NULL COMMENT '桶名称',
  `file_link` text CHARACTER SET utf8mb4 COLLATE utf8mb4_general_ci NULL COMMENT '文件链接',
  `file_name` varchar(255) CHARACTER SET utf8mb4 COLLATE utf8mb4_general_ci NULL DEFAULT NULL COMMENT '文件名称(包含minion路径)',
  `original_file_name` varchar(255) CHARACTER SET utf8mb4 COLLATE utf8mb4_general_ci NULL DEFAULT NULL COMMENT '文件原始名称',
  `file_size` bigint(20) NULL DEFAULT NULL COMMENT '文件大小',
  `file_type` varchar(255) CHARACTER SET utf8mb4 COLLATE utf8mb4_general_ci NULL DEFAULT NULL COMMENT '文件类型',
  `create_time` datetime NULL DEFAULT CURRENT_TIMESTAMP COMMENT '创建时间',
  `update_time` datetime NULL DEFAULT CURRENT_TIMESTAMP ON UPDATE CURRENT_TIMESTAMP COMMENT '更新时间',
  `create_by_id` varchar(50) CHARACTER SET utf8mb4 COLLATE utf8mb4_general_ci NULL DEFAULT NULL COMMENT '创建人id',
  `create_by` varchar(50) CHARACTER SET utf8mb4 COLLATE utf8mb4_general_ci NULL DEFAULT NULL COMMENT '创建人名称',
  `update_by` varchar(50) CHARACTER SET utf8mb4 COLLATE utf8mb4_general_ci NULL DEFAULT NULL COMMENT '更新人名称',
  `tenant_id` varchar(50) CHARACTER SET utf8mb4 COLLATE utf8mb4_general_ci NULL DEFAULT NULL COMMENT '租户id',
  PRIMARY KEY (`id`) USING BTREE
) ENGINE = InnoDB CHARACTER SET = utf8mb4 COLLATE = utf8mb4_general_ci COMMENT = '计划-文件夹-文件' ROW_FORMAT = Dynamic;

-- ----------------------------
-- Records of project_folder_file
-- ----------------------------

-- ----------------------------
-- Table structure for project_log
-- ----------------------------
DROP TABLE IF EXISTS `project_log`;
CREATE TABLE `project_log`  (
  `id` varchar(50) CHARACTER SET utf8mb4 COLLATE utf8mb4_general_ci NOT NULL,
  `log_type` enum('task_comment','project_create','task_create','task_update_status','task_update_name','task_update_user_claim','task_update_start_time','task_update_remark','task_update_user_assign','task_create_children','task_renewal_children','task_accomplish_children','task_update_priority','task_update_claimant','task_execute_status','task_delete_user_assign','task_add_tag','task_delete_tag','task_clear_start_time','task_update_end_time','task_clear_end_time','task_delete_other_field_value','task_update_other_field_value','project_template_create','project_del','project_template_del','project_move_to_recycle_bin','work_time_save','work_time_update','work_time_del','task_move','okr_objectives_create','okr_objectives_update','okr_objectives_align','okr_key_result_create','okr_key_result_update','okr_key_result_update_name','okr_key_result_update_progress','okr_key_result_update_weight','okr_key_result_update_fraction','okr_key_result_update_head_person','okr_key_result_update_relevancy_id','okr_key_result_del','schedule_create','schedule_update','schedule_remark_create','schedule_remark_update','okr_objectives_update_name','okr_objectives_update_type','okr_objectives_update_status','okr_objectives_update_head_person','okr_objectives_update_progress','okr_objectives_update_cycle','okr_objectives_update_visible_scope','annex_rename') CHARACTER SET utf8mb4 COLLATE utf8mb4_general_ci NULL DEFAULT NULL COMMENT '日志类型',
  `project_id` varchar(50) CHARACTER SET utf8mb4 COLLATE utf8mb4_general_ci NULL DEFAULT NULL COMMENT '项目id',
  `relevance_id` varchar(50) CHARACTER SET utf8mb4 COLLATE utf8mb4_general_ci NULL DEFAULT NULL COMMENT '任务id或日程id',
  `tenant_id` varchar(50) CHARACTER SET utf8mb4 COLLATE utf8mb4_general_ci NULL DEFAULT NULL COMMENT '租户ID',
  `create_by_id` char(50) CHARACTER SET utf8mb4 COLLATE utf8mb4_general_ci NULL DEFAULT NULL COMMENT '创建者id',
  `update_by` varchar(50) CHARACTER SET utf8mb4 COLLATE utf8mb4_general_ci NULL DEFAULT NULL COMMENT '更新人',
  `create_time` datetime NOT NULL DEFAULT CURRENT_TIMESTAMP COMMENT '创建时间',
  `update_time` datetime NOT NULL DEFAULT CURRENT_TIMESTAMP ON UPDATE CURRENT_TIMESTAMP COMMENT '更新时间',
  `inform_user_id` varchar(50) CHARACTER SET utf8mb4 COLLATE utf8mb4_general_ci NULL DEFAULT NULL COMMENT '@的人或者被操作的人 指派给 被认领给',
  `comment_value` mediumtext CHARACTER SET utf8mb4 COLLATE utf8mb4_general_ci NULL COMMENT '评论 的内容或日志内容',
  `create_by` varchar(50) CHARACTER SET utf8mb4 COLLATE utf8mb4_general_ci NULL DEFAULT NULL COMMENT '创建人',
  `file_path` text CHARACTER SET utf8mb4 COLLATE utf8mb4_general_ci NULL COMMENT '文件存储的路径',
  `bucket_name` varchar(50) CHARACTER SET utf8mb4 COLLATE utf8mb4_general_ci NULL DEFAULT NULL COMMENT '桶名称',
  `original_name` varchar(255) CHARACTER SET utf8mb4 COLLATE utf8mb4_general_ci NULL DEFAULT NULL COMMENT '源文件名称',
  `type` enum('task','project','schedule','okr_objectives','okr_key_result') CHARACTER SET utf8mb4 COLLATE utf8mb4_general_ci NULL DEFAULT NULL COMMENT '大的分类',
  `remark` text CHARACTER SET utf8mb4 COLLATE utf8mb4_general_ci NULL COMMENT '备注',
  `icon` varchar(255) CHARACTER SET utf8mb4 COLLATE utf8mb4_general_ci NULL DEFAULT NULL COMMENT '图标',
  `second_level_type` enum('update_field_value','comment','save_task','upload_file','work_time_operate','move_task','other') CHARACTER SET utf8mb4 COLLATE utf8mb4_general_ci NULL DEFAULT NULL COMMENT '二级分类 方便在不同的模块展示 评论 修改字段',
  `log_action` varchar(255) CHARACTER SET utf8mb4 COLLATE utf8mb4_general_ci NULL DEFAULT NULL COMMENT '日志动作',
  `file_type` varchar(255) CHARACTER SET utf8mb4 COLLATE utf8mb4_general_ci NULL DEFAULT NULL COMMENT '附件类型',
  `file_name_customization` varchar(255) CHARACTER SET utf8mb4 COLLATE utf8mb4_general_ci NULL DEFAULT NULL COMMENT '附件名称',
  PRIMARY KEY (`id`) USING BTREE
) ENGINE = InnoDB CHARACTER SET = utf8mb4 COLLATE = utf8mb4_general_ci COMMENT = '日志' ROW_FORMAT = Dynamic;

-- ----------------------------
-- Records of project_log
-- ----------------------------

-- ----------------------------
-- Table structure for project_master
-- ----------------------------
DROP TABLE IF EXISTS `project_master`;
CREATE TABLE `project_master`  (
  `id` varchar(50) CHARACTER SET utf8mb4 COLLATE utf8mb4_general_ci NOT NULL,
  `project_name` varchar(255) CHARACTER SET utf8mb4 COLLATE utf8mb4_general_ci NULL DEFAULT NULL COMMENT '项目名称',
  `project_introduce` varchar(255) CHARACTER SET utf8mb4 COLLATE utf8mb4_general_ci NULL DEFAULT NULL COMMENT '项目介绍',
  `file_path` varchar(255) CHARACTER SET utf8mb4 COLLATE utf8mb4_general_ci NULL DEFAULT NULL COMMENT '文件存储的路径',
  `bucket_name` varchar(50) CHARACTER SET utf8mb4 COLLATE utf8mb4_general_ci NULL DEFAULT NULL COMMENT '桶名称',
  `open_is` tinyint(1) NULL DEFAULT 0 COMMENT '是否公开',
  `push_message_is` tinyint(1) NULL DEFAULT 0 COMMENT '是否推送消息',
  `project_status` enum('underway','pigeonhole') CHARACTER SET utf8mb4 COLLATE utf8mb4_general_ci NULL DEFAULT 'underway' COMMENT '项目状态  underway进行中 pigeonhole 归档',
  `create_by_id` char(50) CHARACTER SET utf8mb4 COLLATE utf8mb4_general_ci NULL DEFAULT NULL COMMENT '创建者ID',
  `create_time` datetime NULL DEFAULT CURRENT_TIMESTAMP COMMENT '创建时间',
  `update_by` varchar(50) CHARACTER SET utf8mb4 COLLATE utf8mb4_general_ci NULL DEFAULT NULL COMMENT '修改人',
  `update_time` datetime NULL DEFAULT CURRENT_TIMESTAMP ON UPDATE CURRENT_TIMESTAMP COMMENT '更新时间',
  `del_flag` tinyint(1) NULL DEFAULT 0 COMMENT '是否删除 0未删除  1已删除',
  `create_by` varchar(50) CHARACTER SET utf8mb4 COLLATE utf8mb4_general_ci NULL DEFAULT NULL COMMENT '创建人名称',
  `tenant_id` varchar(50) CHARACTER SET utf8mb4 COLLATE utf8mb4_general_ci NULL DEFAULT NULL COMMENT '租户ID',
  `start_time` datetime NULL DEFAULT NULL COMMENT '开始时间',
  `recycle_is` tinyint(1) NULL DEFAULT 0 COMMENT '是否在回收站',
  `show_start_time` tinyint(1) NULL DEFAULT 1 COMMENT '是否需要开始时间任务',
  `prefix_id` varchar(255) CHARACTER SET utf8mb4 COLLATE utf8mb4_general_ci NULL DEFAULT NULL COMMENT '前缀id',
  `accomplish_time` datetime NULL DEFAULT NULL COMMENT '归档时间',
  `end_time` datetime NULL DEFAULT NULL COMMENT '结束时间',
  `project_type` enum('project','project_template') CHARACTER SET utf8mb4 COLLATE utf8mb4_general_ci NULL DEFAULT NULL COMMENT '项目类型',
  `type` varchar(20) CHARACTER SET utf8mb4 COLLATE utf8mb4_general_ci NULL DEFAULT '其他' COMMENT '分类',
  `icon` varchar(255) CHARACTER SET utf8mb4 COLLATE utf8mb4_general_ci NULL DEFAULT NULL COMMENT '图标',
  `is_system` tinyint(1) NULL DEFAULT 0 COMMENT '系统默认模板',
  `whether_defined_prefix` tinyint(1) NULL DEFAULT 0 COMMENT '是否自定义前缀',
  `defined_prefix_value` varchar(255) CHARACTER SET utf8mb4 COLLATE utf8mb4_general_ci NULL DEFAULT NULL COMMENT '自定义前缀名称',
  `template_type_id` varchar(50) CHARACTER SET utf8mb4 COLLATE utf8mb4_general_ci NULL DEFAULT NULL COMMENT '模板分类id',
  `date_type` enum('week_day','nature_day') CHARACTER SET utf8mb4 COLLATE utf8mb4_general_ci NULL DEFAULT 'week_day' COMMENT '资源投入日期类型',
  PRIMARY KEY (`id`) USING BTREE
) ENGINE = InnoDB CHARACTER SET = utf8mb4 COLLATE = utf8mb4_general_ci COMMENT = '项目主表' ROW_FORMAT = Dynamic;

-- ----------------------------
-- Records of project_master
-- ----------------------------

-- ----------------------------
-- Table structure for project_member
-- ----------------------------
DROP TABLE IF EXISTS `project_member`;
CREATE TABLE `project_member`  (
  `id` varchar(50) CHARACTER SET utf8mb4 COLLATE utf8mb4_general_ci NOT NULL,
  `project_id` varchar(50) CHARACTER SET utf8mb4 COLLATE utf8mb4_general_ci NULL DEFAULT NULL COMMENT '项目id、目标id',
  `relevance_id` varchar(50) CHARACTER SET utf8mb4 COLLATE utf8mb4_general_ci NULL DEFAULT NULL COMMENT '任务、日程、关键结果id',
  `create_is` tinyint(1) NULL DEFAULT 0 COMMENT '是否为创建者 拥有者',
  `tenant_id` varchar(50) CHARACTER SET utf8mb4 COLLATE utf8mb4_general_ci NULL DEFAULT NULL COMMENT '租户ID',
  `create_by_id` char(50) CHARACTER SET utf8mb4 COLLATE utf8mb4_general_ci NULL DEFAULT NULL COMMENT '创建者id',
  `update_by` varchar(50) CHARACTER SET utf8mb4 COLLATE utf8mb4_general_ci NULL DEFAULT NULL COMMENT '更新人',
  `create_time` datetime NOT NULL DEFAULT CURRENT_TIMESTAMP COMMENT '创建时间',
  `update_time` datetime NOT NULL DEFAULT CURRENT_TIMESTAMP ON UPDATE CURRENT_TIMESTAMP COMMENT '更新时间',
  `create_by` varchar(50) CHARACTER SET utf8mb4 COLLATE utf8mb4_general_ci NULL DEFAULT NULL COMMENT '创建人',
  `executor_is` tinyint(1) NULL DEFAULT 0 COMMENT '是否为执行者',
  `member_type` enum('task','project','schedule','okr_objectives','okr_key_result') CHARACTER SET utf8mb4 COLLATE utf8mb4_general_ci NULL DEFAULT NULL COMMENT '类型 task任务 project 项目 schedule 日程 okr_objectives目标 okr_key_result 关键结果',
  `user_id` varchar(50) CHARACTER SET utf8mb4 COLLATE utf8mb4_general_ci NULL DEFAULT NULL COMMENT '用户id',
  `data_auth_type` enum('person','dept','job','role','user_group') CHARACTER SET utf8mb4 COLLATE utf8mb4_general_ci NULL DEFAULT 'person' COMMENT '数据权限类型',
  PRIMARY KEY (`id`) USING BTREE
) ENGINE = InnoDB CHARACTER SET = utf8mb4 COLLATE = utf8mb4_general_ci COMMENT = '项目成员和任务参与者' ROW_FORMAT = Dynamic;

-- ----------------------------
-- Records of project_member
-- ----------------------------

-- ----------------------------
-- Table structure for project_plugins
-- ----------------------------
DROP TABLE IF EXISTS `project_plugins`;
CREATE TABLE `project_plugins`  (
  `id` varchar(50) CHARACTER SET utf8mb4 COLLATE utf8mb4_general_ci NOT NULL,
  `project_master_id` varchar(50) CHARACTER SET utf8mb4 COLLATE utf8mb4_general_ci NOT NULL COMMENT '项目计划id',
  `plugin_id` varchar(50) CHARACTER SET utf8mb4 COLLATE utf8mb4_general_ci NOT NULL COMMENT '插件id',
  `create_time` datetime NULL DEFAULT CURRENT_TIMESTAMP COMMENT '创建时间',
  `update_time` datetime NULL DEFAULT CURRENT_TIMESTAMP ON UPDATE CURRENT_TIMESTAMP COMMENT '更新时间',
  `create_by_id` varchar(50) CHARACTER SET utf8mb4 COLLATE utf8mb4_general_ci NULL DEFAULT NULL COMMENT '创建人id',
  `create_by` varchar(50) CHARACTER SET utf8mb4 COLLATE utf8mb4_general_ci NULL DEFAULT NULL COMMENT '创建人名称',
  `update_by` varchar(50) CHARACTER SET utf8mb4 COLLATE utf8mb4_general_ci NULL DEFAULT NULL COMMENT '更新人名称',
  `tenant_id` varchar(50) CHARACTER SET utf8mb4 COLLATE utf8mb4_general_ci NULL DEFAULT NULL COMMENT '租户id',
  `sort_num` int(11) NULL DEFAULT NULL COMMENT '排序序号 值越小显示的越前',
  PRIMARY KEY (`id`) USING BTREE,
  UNIQUE INDEX `UQ_PLUGIN_PROJECT`(`project_master_id`, `plugin_id`) USING BTREE COMMENT '一个项目只能安装一个相同插件'
) ENGINE = InnoDB CHARACTER SET = utf8mb4 COLLATE = utf8mb4_general_ci COMMENT = '计划插件' ROW_FORMAT = Dynamic;

-- ----------------------------
-- Records of project_plugins
-- ----------------------------

-- ----------------------------
-- Table structure for project_resource_input
-- ----------------------------
DROP TABLE IF EXISTS `project_resource_input`;
CREATE TABLE `project_resource_input`  (
  `id` varchar(50) CHARACTER SET utf8mb4 COLLATE utf8mb4_general_ci NOT NULL,
  `project_id` varchar(50) CHARACTER SET utf8mb4 COLLATE utf8mb4_general_ci NULL DEFAULT NULL COMMENT '项目id',
  `role_id` varchar(50) CHARACTER SET utf8mb4 COLLATE utf8mb4_general_ci NULL DEFAULT NULL COMMENT '角色id',
  `role_name` varchar(50) CHARACTER SET utf8mb4 COLLATE utf8mb4_general_ci NULL DEFAULT NULL COMMENT '角色名称',
  `member_num` int(11) NULL DEFAULT NULL COMMENT '参与人数',
  `job_percentage` double(3, 1) NULL DEFAULT NULL COMMENT '工作占比',
  `start_time` datetime NULL DEFAULT NULL COMMENT '周期开始时间',
  `end_time` datetime NULL DEFAULT NULL COMMENT '周期结束时间',
  `create_time` datetime NULL DEFAULT CURRENT_TIMESTAMP COMMENT '创建时间',
  `update_time` datetime NULL DEFAULT CURRENT_TIMESTAMP ON UPDATE CURRENT_TIMESTAMP COMMENT '更新时间',
  `create_by_id` varchar(50) CHARACTER SET utf8mb4 COLLATE utf8mb4_general_ci NULL DEFAULT NULL COMMENT '创建人id',
  `create_by` varchar(50) CHARACTER SET utf8mb4 COLLATE utf8mb4_general_ci NULL DEFAULT NULL COMMENT '创建人名称',
  `update_by` varchar(50) CHARACTER SET utf8mb4 COLLATE utf8mb4_general_ci NULL DEFAULT NULL COMMENT '更新人名称',
  `tenant_id` varchar(50) CHARACTER SET utf8mb4 COLLATE utf8mb4_general_ci NULL DEFAULT NULL COMMENT '租户id',
  PRIMARY KEY (`id`) USING BTREE
) ENGINE = InnoDB CHARACTER SET = utf8mb4 COLLATE = utf8mb4_general_ci COMMENT = '项目资源投入表' ROW_FORMAT = Dynamic;

-- ----------------------------
-- Records of project_resource_input
-- ----------------------------

-- ----------------------------
-- Table structure for project_role
-- ----------------------------
DROP TABLE IF EXISTS `project_role`;
CREATE TABLE `project_role`  (
  `id` varchar(50) CHARACTER SET utf8mb4 COLLATE utf8mb4_general_ci NOT NULL,
  `project_id` varchar(50) CHARACTER SET utf8mb4 COLLATE utf8mb4_general_ci NOT NULL COMMENT '项目id',
  `role_id` varchar(50) CHARACTER SET utf8mb4 COLLATE utf8mb4_general_ci NOT NULL COMMENT '角色id',
  `role_type` varchar(50) CHARACTER SET utf8mb4 COLLATE utf8mb4_general_ci NULL DEFAULT NULL COMMENT '角色类型system 系统 / project 项目',
  `is_default` tinyint(1) NOT NULL DEFAULT 0 COMMENT '是否为默认角色0否1是',
  `create_time` datetime NULL DEFAULT CURRENT_TIMESTAMP COMMENT '创建时间',
  `update_time` datetime NULL DEFAULT CURRENT_TIMESTAMP ON UPDATE CURRENT_TIMESTAMP COMMENT '更新时间',
  `create_by_id` varchar(50) CHARACTER SET utf8mb4 COLLATE utf8mb4_general_ci NULL DEFAULT NULL COMMENT '创建人id',
  `create_by` varchar(50) CHARACTER SET utf8mb4 COLLATE utf8mb4_general_ci NULL DEFAULT NULL COMMENT '创建人名称',
  `update_by` varchar(50) CHARACTER SET utf8mb4 COLLATE utf8mb4_general_ci NULL DEFAULT NULL COMMENT '更新人名称',
  `tenant_id` varchar(50) CHARACTER SET utf8mb4 COLLATE utf8mb4_general_ci NULL DEFAULT NULL COMMENT '租户id'
) ENGINE = InnoDB CHARACTER SET = utf8mb4 COLLATE = utf8mb4_general_ci COMMENT = '项目角色关联表' ROW_FORMAT = Dynamic;

-- ----------------------------
-- Records of project_role
-- ----------------------------

-- ----------------------------
-- Table structure for project_schedule
-- ----------------------------
DROP TABLE IF EXISTS `project_schedule`;
CREATE TABLE `project_schedule`  (
  `id` varchar(50) CHARACTER SET utf8mb4 COLLATE utf8mb4_general_ci NOT NULL,
  `schedule_name` varchar(255) CHARACTER SET utf8mb4 COLLATE utf8mb4_general_ci NULL DEFAULT NULL COMMENT '日程/代办名称',
  `schedule_content` text CHARACTER SET utf8mb4 COLLATE utf8mb4_general_ci NULL COMMENT '内容',
  `remind_type` enum('day','minute') CHARACTER SET utf8mb4 COLLATE utf8mb4_general_ci NULL DEFAULT NULL COMMENT '提醒类型 day 天 minute 分钟',
  `remind_value` int(10) NULL DEFAULT NULL COMMENT '提醒的时间值',
  `start_time` datetime NULL DEFAULT NULL COMMENT '开始时间',
  `end_time` datetime NULL DEFAULT NULL COMMENT '结束时间',
  `accomplish_is` tinyint(1) NULL DEFAULT 0 COMMENT '是否完成',
  `is_top` tinyint(1) NULL DEFAULT 0 COMMENT '是否置顶',
  `style` text CHARACTER SET utf8mb4 COLLATE utf8mb4_general_ci NULL COMMENT '显示样式',
  `tenant_id` varchar(50) CHARACTER SET utf8mb4 COLLATE utf8mb4_general_ci NULL DEFAULT NULL COMMENT '租户ID',
  `create_by_id` char(50) CHARACTER SET utf8mb4 COLLATE utf8mb4_general_ci NULL DEFAULT NULL COMMENT '创建者id',
  `create_by` varchar(50) CHARACTER SET utf8mb4 COLLATE utf8mb4_general_ci NULL DEFAULT NULL COMMENT '创建人',
  `update_by` varchar(50) CHARACTER SET utf8mb4 COLLATE utf8mb4_general_ci NULL DEFAULT NULL COMMENT '更新人',
  `create_time` datetime NOT NULL DEFAULT CURRENT_TIMESTAMP COMMENT '创建时间',
  `update_time` datetime NOT NULL DEFAULT CURRENT_TIMESTAMP ON UPDATE CURRENT_TIMESTAMP COMMENT '更新时间',
  PRIMARY KEY (`id`) USING BTREE
) ENGINE = InnoDB CHARACTER SET = utf8mb4 COLLATE = utf8mb4_general_ci COMMENT = '日程表' ROW_FORMAT = Dynamic;

-- ----------------------------
-- Records of project_schedule
-- ----------------------------

-- ----------------------------
-- Table structure for project_schedule_remark
-- ----------------------------
DROP TABLE IF EXISTS `project_schedule_remark`;
CREATE TABLE `project_schedule_remark`  (
  `id` varchar(50) CHARACTER SET utf8mb4 COLLATE utf8mb4_general_ci NOT NULL,
  `schedule_id` varchar(50) CHARACTER SET utf8mb4 COLLATE utf8mb4_general_ci NOT NULL COMMENT '日程、代办id',
  `schedule_remark` text CHARACTER SET utf8mb4 COLLATE utf8mb4_general_ci NULL COMMENT '备注',
  `remark_sort` int(20) NULL DEFAULT NULL COMMENT '顺序',
  `create_by_id` char(50) CHARACTER SET utf8mb4 COLLATE utf8mb4_general_ci NULL DEFAULT NULL COMMENT '创建人id',
  `create_by` varchar(50) CHARACTER SET utf8mb4 COLLATE utf8mb4_general_ci NULL DEFAULT NULL COMMENT '创建人',
  `create_time` datetime NULL DEFAULT CURRENT_TIMESTAMP COMMENT '创建时间',
  `update_time` datetime NULL DEFAULT CURRENT_TIMESTAMP ON UPDATE CURRENT_TIMESTAMP COMMENT '更新时间',
  `update_by` varchar(50) CHARACTER SET utf8mb4 COLLATE utf8mb4_general_ci NULL DEFAULT NULL COMMENT '更新人',
  `tenant_id` varchar(50) CHARACTER SET utf8mb4 COLLATE utf8mb4_general_ci NULL DEFAULT NULL COMMENT '租户ID',
  PRIMARY KEY (`id`) USING BTREE
) ENGINE = InnoDB CHARACTER SET = utf8mb4 COLLATE = utf8mb4_general_ci COMMENT = '日程 代办备注' ROW_FORMAT = Dynamic;

-- ----------------------------
-- Records of project_schedule_remark
-- ----------------------------

-- ----------------------------
-- Table structure for project_tag
-- ----------------------------
DROP TABLE IF EXISTS `project_tag`;
CREATE TABLE `project_tag`  (
  `id` varchar(50) CHARACTER SET utf8mb4 COLLATE utf8mb4_general_ci NOT NULL,
  `tag_name` varchar(255) CHARACTER SET utf8mb4 COLLATE utf8mb4_general_ci NULL DEFAULT NULL COMMENT '标签名称',
  `project_id` varchar(50) CHARACTER SET utf8mb4 COLLATE utf8mb4_general_ci NULL DEFAULT NULL COMMENT '项目id',
  `create_time` datetime NOT NULL DEFAULT CURRENT_TIMESTAMP COMMENT '创建时间',
  `update_time` datetime NOT NULL DEFAULT CURRENT_TIMESTAMP ON UPDATE CURRENT_TIMESTAMP COMMENT '更新时间',
  `tenant_id` varchar(50) CHARACTER SET utf8mb4 COLLATE utf8mb4_general_ci NULL DEFAULT NULL COMMENT '租户ID',
  `colour` varchar(30) CHARACTER SET utf8mb4 COLLATE utf8mb4_general_ci NULL DEFAULT NULL COMMENT '颜色',
  PRIMARY KEY (`id`) USING BTREE
) ENGINE = InnoDB CHARACTER SET = utf8mb4 COLLATE = utf8mb4_general_ci COMMENT = '项目标签' ROW_FORMAT = Dynamic;

-- ----------------------------
-- Records of project_tag
-- ----------------------------

-- ----------------------------
-- Table structure for project_task
-- ----------------------------
DROP TABLE IF EXISTS `project_task`;
CREATE TABLE `project_task`  (
  `id` varchar(50) CHARACTER SET utf8mb4 COLLATE utf8mb4_general_ci NOT NULL,
  `task_name` varchar(255) CHARACTER SET utf8mb4 COLLATE utf8mb4_general_ci NULL DEFAULT NULL COMMENT '任务名称',
  `task_status` tinyint(1) NULL DEFAULT 0 COMMENT '是否完成',
  `task_start_time` datetime NULL DEFAULT NULL COMMENT '任务开始时间',
  `task_end_time` datetime NULL DEFAULT NULL COMMENT '任务结束时间',
  `task_remark` text CHARACTER SET utf8mb4 COLLATE utf8mb4_general_ci NULL COMMENT '备注',
  `tenant_id` varchar(50) CHARACTER SET utf8mb4 COLLATE utf8mb4_general_ci NULL DEFAULT NULL COMMENT '租户ID',
  `create_by_id` char(50) CHARACTER SET utf8mb4 COLLATE utf8mb4_general_ci NULL DEFAULT NULL COMMENT '创建者id',
  `update_by` varchar(50) CHARACTER SET utf8mb4 COLLATE utf8mb4_general_ci NULL DEFAULT NULL COMMENT '更新人',
  `create_time` datetime NOT NULL DEFAULT CURRENT_TIMESTAMP COMMENT '创建时间',
  `update_time` datetime NOT NULL DEFAULT CURRENT_TIMESTAMP ON UPDATE CURRENT_TIMESTAMP COMMENT '更新时间',
  `create_by` varchar(50) CHARACTER SET utf8mb4 COLLATE utf8mb4_general_ci NULL DEFAULT NULL COMMENT '创建人',
  `parent_id` varchar(50) CHARACTER SET utf8mb4 COLLATE utf8mb4_general_ci NULL DEFAULT '0' COMMENT '上级id',
  `project_id` varchar(50) CHARACTER SET utf8mb4 COLLATE utf8mb4_general_ci NULL DEFAULT NULL COMMENT '项目id',
  `task_priority_id` varchar(50) CHARACTER SET utf8mb4 COLLATE utf8mb4_general_ci NULL DEFAULT NULL COMMENT '系统配置表 id 优先级',
  `working_hours` int(11) NULL DEFAULT NULL COMMENT '总工时',
  `task_list_is` tinyint(1) NULL DEFAULT 0 COMMENT '是否为任务列表',
  `open_is` tinyint(1) NULL DEFAULT 0 COMMENT '是否为公开',
  `sort` int(11) NULL DEFAULT 0 COMMENT '模板任务排序',
  `recycle_is` tinyint(1) NULL DEFAULT 0 COMMENT '是否在回收站',
  `del_flag` tinyint(1) NULL DEFAULT 0 COMMENT '是否删除 0未删除  1已删除',
  `task_execute_status_id` varchar(50) CHARACTER SET utf8mb4 COLLATE utf8mb4_general_ci NULL DEFAULT '-1' COMMENT '系统配置表 id 执行状态',
  `accomplish_time` datetime NULL DEFAULT NULL COMMENT '完成时间',
  `task_list_id` varchar(50) CHARACTER SET utf8mb4 COLLATE utf8mb4_general_ci NULL DEFAULT '-1' COMMENT '任务列表id',
  `defined_task_id` varchar(255) CHARACTER SET utf8mb4 COLLATE utf8mb4_general_ci NULL DEFAULT NULL COMMENT '自定义任务id',
  `defined_suffix_value` int(20) NULL DEFAULT NULL COMMENT '自定义任务id 后缀（第几个创建的任务）',
  PRIMARY KEY (`id`) USING BTREE
) ENGINE = InnoDB CHARACTER SET = utf8mb4 COLLATE = utf8mb4_general_ci COMMENT = '任务管理' ROW_FORMAT = Dynamic;

-- ----------------------------
-- Records of project_task
-- ----------------------------

-- ----------------------------
-- Table structure for project_task_tag
-- ----------------------------
DROP TABLE IF EXISTS `project_task_tag`;
CREATE TABLE `project_task_tag`  (
  `task_id` varchar(50) CHARACTER SET utf8mb4 COLLATE utf8mb4_general_ci NULL DEFAULT NULL COMMENT '任务id',
  `tag_id` varchar(50) CHARACTER SET utf8mb4 COLLATE utf8mb4_general_ci NULL DEFAULT NULL COMMENT '标签id',
  `tenant_id` varchar(50) CHARACTER SET utf8mb4 COLLATE utf8mb4_general_ci NULL DEFAULT NULL COMMENT '租户ID'
) ENGINE = InnoDB CHARACTER SET = utf8mb4 COLLATE = utf8mb4_general_ci COMMENT = '标签与任务的关联表' ROW_FORMAT = Dynamic;

-- ----------------------------
-- Records of project_task_tag
-- ----------------------------

-- ----------------------------
-- Table structure for project_task_update_prompts
-- ----------------------------
DROP TABLE IF EXISTS `project_task_update_prompts`;
CREATE TABLE `project_task_update_prompts`  (
  `id` varchar(50) CHARACTER SET utf8mb4 COLLATE utf8mb4_bin NOT NULL,
  `project_id` varchar(50) CHARACTER SET utf8mb4 COLLATE utf8mb4_general_ci NULL DEFAULT NULL COMMENT '项目id',
  `relevance_id` varchar(50) CHARACTER SET utf8mb4 COLLATE utf8mb4_general_ci NULL DEFAULT NULL COMMENT '任务id',
  `user_id` varchar(50) CHARACTER SET utf8mb4 COLLATE utf8mb4_general_ci NULL DEFAULT NULL COMMENT '用户id',
  `attribution_id` varchar(50) CHARACTER SET utf8mb4 COLLATE utf8mb4_general_ci NULL DEFAULT NULL COMMENT '归属id （部门 角色 岗位 群组）',
  `attribution_type` enum('dept','role','job','user_group','person') CHARACTER SET utf8mb4 COLLATE utf8mb4_general_ci NULL DEFAULT 'person' COMMENT '归属类型（部门 角色 岗位 群组）',
  `create_time` datetime NOT NULL DEFAULT CURRENT_TIMESTAMP COMMENT '创建时间',
  `create_by_id` char(50) CHARACTER SET utf8mb4 COLLATE utf8mb4_general_ci NULL DEFAULT NULL COMMENT '创建者id',
  `create_by` varchar(50) CHARACTER SET utf8mb4 COLLATE utf8mb4_general_ci NULL DEFAULT NULL COMMENT '创建人',
  `update_time` datetime NOT NULL DEFAULT CURRENT_TIMESTAMP ON UPDATE CURRENT_TIMESTAMP COMMENT '更新时间',
  `update_by` varchar(50) CHARACTER SET utf8mb4 COLLATE utf8mb4_general_ci NULL DEFAULT NULL COMMENT '更新人',
  `tenant_id` varchar(50) CHARACTER SET utf8mb4 COLLATE utf8mb4_general_ci NULL DEFAULT NULL COMMENT '租户ID',
  PRIMARY KEY (`id`) USING BTREE
) ENGINE = InnoDB CHARACTER SET = utf8mb4 COLLATE = utf8mb4_general_ci COMMENT = '项目任务更新提示' ROW_FORMAT = Dynamic;

-- ----------------------------
-- Records of project_task_update_prompts
-- ----------------------------

-- ----------------------------
-- Table structure for project_template_type
-- ----------------------------
DROP TABLE IF EXISTS `project_template_type`;
CREATE TABLE `project_template_type`  (
  `id` varchar(50) CHARACTER SET utf8mb4 COLLATE utf8mb4_general_ci NOT NULL COMMENT '模板分类id',
  `template_name` varchar(50) CHARACTER SET utf8mb4 COLLATE utf8mb4_general_ci NULL DEFAULT NULL COMMENT '模板分类名称',
  `template_sort` int(20) NULL DEFAULT 0 COMMENT '模板分类排序',
  `template_icon` varchar(255) CHARACTER SET utf8mb4 COLLATE utf8mb4_general_ci NULL DEFAULT NULL COMMENT '模板分类图标',
  `create_time` datetime NULL DEFAULT CURRENT_TIMESTAMP,
  `update_time` datetime NULL DEFAULT CURRENT_TIMESTAMP ON UPDATE CURRENT_TIMESTAMP,
  `create_by_id` char(50) CHARACTER SET utf8mb4 COLLATE utf8mb4_general_ci NULL DEFAULT NULL,
  `create_by` varchar(50) CHARACTER SET utf8mb4 COLLATE utf8mb4_general_ci NULL DEFAULT NULL,
  `update_by` varchar(50) CHARACTER SET utf8mb4 COLLATE utf8mb4_general_ci NULL DEFAULT NULL,
  `tenant_id` varchar(50) CHARACTER SET utf8mb4 COLLATE utf8mb4_general_ci NULL DEFAULT NULL,
  PRIMARY KEY (`id`) USING BTREE
) ENGINE = InnoDB CHARACTER SET = utf8mb4 COLLATE = utf8mb4_general_ci COMMENT = '模板分类表' ROW_FORMAT = Dynamic;

-- ----------------------------
-- Records of project_template_type
-- ----------------------------

-- ----------------------------
-- Table structure for project_user_top
-- ----------------------------
DROP TABLE IF EXISTS `project_user_top`;
CREATE TABLE `project_user_top`  (
  `id` varchar(50) CHARACTER SET utf8mb4 COLLATE utf8mb4_general_ci NOT NULL,
  `user_id` varchar(50) CHARACTER SET utf8mb4 COLLATE utf8mb4_general_ci NULL DEFAULT NULL COMMENT '用户id',
  `project_id` varchar(50) CHARACTER SET utf8mb4 COLLATE utf8mb4_general_ci NULL DEFAULT NULL COMMENT '计划id',
  `create_time` datetime NULL DEFAULT CURRENT_TIMESTAMP COMMENT '创建时间',
  `update_time` datetime NULL DEFAULT CURRENT_TIMESTAMP ON UPDATE CURRENT_TIMESTAMP COMMENT '更新时间',
  `create_by_id` varchar(50) CHARACTER SET utf8mb4 COLLATE utf8mb4_general_ci NULL DEFAULT NULL COMMENT '创建人id',
  `create_by` varchar(50) CHARACTER SET utf8mb4 COLLATE utf8mb4_general_ci NULL DEFAULT NULL COMMENT '创建人名称',
  `update_by` varchar(50) CHARACTER SET utf8mb4 COLLATE utf8mb4_general_ci NULL DEFAULT NULL COMMENT '更新人名称',
  `tenant_id` varchar(50) CHARACTER SET utf8mb4 COLLATE utf8mb4_general_ci NULL DEFAULT NULL COMMENT '租户id',
  PRIMARY KEY (`id`) USING BTREE
) ENGINE = InnoDB CHARACTER SET = utf8mb4 COLLATE = utf8mb4_general_ci COMMENT = '项目置顶标记' ROW_FORMAT = Dynamic;

-- ----------------------------
-- Records of project_user_top
-- ----------------------------

-- ----------------------------
-- Table structure for project_work_time
-- ----------------------------
DROP TABLE IF EXISTS `project_work_time`;
CREATE TABLE `project_work_time`  (
  `id` varchar(50) CHARACTER SET utf8mb4 COLLATE utf8mb4_general_ci NOT NULL,
  `project_id` varchar(50) CHARACTER SET utf8mb4 COLLATE utf8mb4_general_ci NULL DEFAULT NULL COMMENT '项目id',
  `task_id` varchar(50) CHARACTER SET utf8mb4 COLLATE utf8mb4_general_ci NULL DEFAULT NULL COMMENT '任务id',
  `start_time` datetime NULL DEFAULT NULL COMMENT '开始时间',
  `consume_time` int(11) NULL DEFAULT NULL COMMENT '消耗时间',
  `content` text CHARACTER SET utf8mb4 COLLATE utf8mb4_general_ci NULL COMMENT '工作内容',
  `create_by_id` char(50) CHARACTER SET utf8mb4 COLLATE utf8mb4_general_ci NULL DEFAULT NULL COMMENT '创建者id',
  `update_by` varchar(50) CHARACTER SET utf8mb4 COLLATE utf8mb4_general_ci NULL DEFAULT NULL COMMENT '更新人',
  `create_time` datetime NOT NULL DEFAULT CURRENT_TIMESTAMP COMMENT '创建时间',
  `update_time` datetime NOT NULL DEFAULT CURRENT_TIMESTAMP ON UPDATE CURRENT_TIMESTAMP COMMENT '更新时间',
  `create_by` varchar(50) CHARACTER SET utf8mb4 COLLATE utf8mb4_general_ci NULL DEFAULT NULL COMMENT '创建人',
  `tenant_id` varchar(50) CHARACTER SET utf8mb4 COLLATE utf8mb4_general_ci NULL DEFAULT NULL COMMENT '租户ID',
  PRIMARY KEY (`id`) USING BTREE
) ENGINE = InnoDB CHARACTER SET = utf8mb4 COLLATE = utf8mb4_general_ci COMMENT = '任务工时表' ROW_FORMAT = Dynamic;

-- ----------------------------
-- Records of project_work_time
-- ----------------------------

-- ----------------------------
-- Table structure for sql_performance
-- ----------------------------
DROP TABLE IF EXISTS `sql_performance`;
CREATE TABLE `sql_performance`  (
  `id` int(20) NOT NULL AUTO_INCREMENT COMMENT '主键',
  `sql` varchar(255) CHARACTER SET utf8mb4 COLLATE utf8mb4_general_ci NULL DEFAULT NULL,
  `start_time` int(11) NULL DEFAULT NULL,
  `end_time` int(11) NULL DEFAULT NULL,
  `consuming_time` int(11) NULL DEFAULT NULL,
  `access_type` varchar(50) CHARACTER SET utf8mb4 COLLATE utf8mb4_general_ci NULL DEFAULT NULL,
  `slow_sql` varchar(255) CHARACTER SET utf8mb4 COLLATE utf8mb4_general_ci NULL DEFAULT NULL,
  `app_name` varchar(50) CHARACTER SET utf8mb4 COLLATE utf8mb4_general_ci NULL DEFAULT NULL,
  PRIMARY KEY (`id`) USING BTREE
) ENGINE = InnoDB AUTO_INCREMENT = 1 CHARACTER SET = utf8mb4 COLLATE = utf8mb4_general_ci COMMENT = '保存执行计划表' ROW_FORMAT = Dynamic;

-- ----------------------------
-- Records of sql_performance
-- ----------------------------

-- ----------------------------
-- Table structure for sys_field_setting
-- ----------------------------
DROP TABLE IF EXISTS `sys_field_setting`;
CREATE TABLE `sys_field_setting`  (
  `id` varchar(50) CHARACTER SET utf8mb4 COLLATE utf8mb4_general_ci NOT NULL,
  `field_name` varchar(30) CHARACTER SET utf8mb4 COLLATE utf8mb4_general_ci NULL DEFAULT NULL COMMENT '字段名称',
  `field_property` enum('teamwork_text','rich_text','radio','check_box','teamwork_number','teamwork_time') CHARACTER SET utf8mb4 COLLATE utf8mb4_general_ci NULL DEFAULT 'teamwork_text' COMMENT '字段属性 teamwork_text 文本输入框 teamwork_number 数字输入框\r\nteamwork_time 日期输入框',
  `field_interior_value` json NULL COMMENT '字段值 例如下拉框值',
  `system_default` tinyint(1) NULL DEFAULT 0 COMMENT '是否为系统默认',
  `tenant_id` varchar(50) CHARACTER SET utf8mb4 COLLATE utf8mb4_general_ci NOT NULL DEFAULT '1' COMMENT '所属租户id',
  `field_type` enum('system','project_template','interior','project','task','task_template') CHARACTER SET utf8mb4 COLLATE utf8mb4_general_ci NOT NULL COMMENT '字段所属类型 sysstem 系统 project 项目  interior 内置字段',
  `required_is` tinyint(1) NULL DEFAULT 0 COMMENT '是否为必填项',
  `project_id` varchar(50) CHARACTER SET utf8mb4 COLLATE utf8mb4_general_ci NULL DEFAULT NULL COMMENT '项目模板id或项目id',
  `del_flag` tinyint(1) NULL DEFAULT 0 COMMENT '是否删除 0未删除  1已删除',
  `sort` int(11) NULL DEFAULT NULL COMMENT '排序',
  `icon` varchar(255) CHARACTER SET utf8mb4 COLLATE utf8mb4_general_ci NULL DEFAULT NULL COMMENT '图标',
  `field_value` text CHARACTER SET utf8mb4 COLLATE utf8mb4_general_ci NULL COMMENT '用户输入的值',
  `relevance_id` varchar(50) CHARACTER SET utf8mb4 COLLATE utf8mb4_general_ci NULL DEFAULT NULL COMMENT '任务id或日程id',
  `show_is` tinyint(1) NULL DEFAULT 0 COMMENT '是否在项目的任务列表中展示',
  `source_id` varchar(50) CHARACTER SET utf8mb4 COLLATE utf8mb4_general_ci NULL DEFAULT NULL COMMENT '源id 就是从什么地方映射出来的数据 用于更新时的同步更新',
  `remark` text CHARACTER SET utf8mb4 COLLATE utf8mb4_general_ci NULL COMMENT '备注',
  PRIMARY KEY (`id`) USING BTREE
) ENGINE = InnoDB CHARACTER SET = utf8mb4 COLLATE = utf8mb4_general_ci COMMENT = '自定义字段' ROW_FORMAT = Dynamic;

-- ----------------------------
-- Records of sys_field_setting
-- ----------------------------

-- ----------------------------
-- Table structure for sys_file
-- ----------------------------
DROP TABLE IF EXISTS `sys_file`;
CREATE TABLE `sys_file`  (
  `id` char(50) CHARACTER SET utf8mb4 COLLATE utf8mb4_general_ci NOT NULL,
  `file_name` varchar(255) CHARACTER SET utf8mb4 COLLATE utf8mb4_general_ci NULL DEFAULT NULL COMMENT '文件名 ',
  `file_type` varchar(60) CHARACTER SET utf8mb4 COLLATE utf8mb4_general_ci NULL DEFAULT NULL COMMENT '文件类型',
  `bucket_name` varchar(255) CHARACTER SET utf8mb4 COLLATE utf8mb4_general_ci NULL DEFAULT NULL COMMENT '桶名',
  `module` varchar(255) CHARACTER SET utf8mb4 COLLATE utf8mb4_general_ci NULL DEFAULT NULL COMMENT '模块名',
  `create_time` timestamp NULL DEFAULT NULL COMMENT '上传时间',
  `file_path` varchar(400) CHARACTER SET utf8mb4 COLLATE utf8mb4_general_ci NULL DEFAULT NULL COMMENT '文件地址',
  `size` bigint(11) NULL DEFAULT NULL COMMENT '文件大小 单位:字节',
  `remark` varchar(255) CHARACTER SET utf8mb4 COLLATE utf8mb4_general_ci NULL DEFAULT NULL COMMENT '业务备注',
  `label` varchar(255) CHARACTER SET utf8mb4 COLLATE utf8mb4_general_ci NULL DEFAULT NULL COMMENT '标签',
  `file_link` varchar(255) CHARACTER SET utf8mb4 COLLATE utf8mb4_general_ci NULL DEFAULT NULL COMMENT '占位字段',
  `tenant_id` varchar(50) CHARACTER SET utf8mb4 COLLATE utf8mb4_general_ci NULL DEFAULT NULL COMMENT '租户ID',
  PRIMARY KEY (`id`) USING BTREE
) ENGINE = InnoDB CHARACTER SET = utf8mb4 COLLATE = utf8mb4_general_ci COMMENT = '文件统一管理，不包含租户信息，只做文件转发和统一保存管理' ROW_FORMAT = Dynamic;

-- ----------------------------
-- Records of sys_file
-- ----------------------------

-- ----------------------------
-- Table structure for sys_identifying
-- ----------------------------
DROP TABLE IF EXISTS `sys_identifying`;
CREATE TABLE `sys_identifying`  (
  `id` varchar(50) CHARACTER SET utf8mb4 COLLATE utf8mb4_general_ci NOT NULL,
  `identifying_name` varchar(255) CHARACTER SET utf8mb4 COLLATE utf8mb4_general_ci NULL DEFAULT NULL COMMENT '标识名称',
  `identifying_key` varchar(255) CHARACTER SET utf8mb4 COLLATE utf8mb4_general_ci NULL DEFAULT NULL COMMENT '标识key',
  `identifying_type` varchar(255) CHARACTER SET utf8mb4 COLLATE utf8mb4_general_ci NULL DEFAULT NULL COMMENT '标识类型',
  `create_by_id` char(50) CHARACTER SET utf8mb4 COLLATE utf8mb4_general_ci NULL DEFAULT NULL COMMENT '创建者id',
  `update_by` varchar(50) CHARACTER SET utf8mb4 COLLATE utf8mb4_general_ci NULL DEFAULT NULL COMMENT '更新人',
  `create_time` datetime NOT NULL DEFAULT CURRENT_TIMESTAMP COMMENT '创建时间',
  `update_time` datetime NOT NULL DEFAULT CURRENT_TIMESTAMP ON UPDATE CURRENT_TIMESTAMP COMMENT '更新时间',
  `create_by` varchar(50) CHARACTER SET utf8mb4 COLLATE utf8mb4_general_ci NULL DEFAULT NULL COMMENT '创建人',
  PRIMARY KEY (`id`) USING BTREE
) ENGINE = InnoDB CHARACTER SET = utf8mb4 COLLATE = utf8mb4_general_ci COMMENT = '资源表' ROW_FORMAT = Dynamic;

-- ----------------------------
-- Records of sys_identifying
-- ----------------------------
INSERT INTO `sys_identifying` VALUES ('0142cdfc40750187006240f16255a735', '文件移动', 'library.file.move', 'library', 'fa0c7f28b86a09f5ee4ad1e27ceb890e', 'wanglin', '2022-11-25 17:02:45', '2022-11-25 17:02:45', 'wanglin');
INSERT INTO `sys_identifying` VALUES ('06c8c2a6f93cef6aee747f3c8ae0d90d', '文件移动', 'branch.file.move', 'branch', 'fa0c7f28b86a09f5ee4ad1e27ceb890e', 'wanglin', '2023-01-13 14:40:00', '2023-01-13 14:40:00', 'wanglin');
INSERT INTO `sys_identifying` VALUES ('09b963cfb431f24d2d7894f88d9c0f1d', '更名', 'branch.file.rename', 'branch', 'fa0c7f28b86a09f5ee4ad1e27ceb890e', 'wanglin', '2023-01-13 10:21:40', '2023-01-13 10:21:40', 'wanglin');
INSERT INTO `sys_identifying` VALUES ('10d5fb64c0a3b40d39446c644d59e1c0', '附件编辑', 'library.annex.edit', 'library', 'fa0c7f28b86a09f5ee4ad1e27ceb890e', 'wanglin', '2022-11-25 18:05:29', '2022-11-25 18:05:29', 'wanglin');
INSERT INTO `sys_identifying` VALUES ('16e7e100438beb54abe4f4c5893ce7bd', '移交计划', 'project.handover', 'project', '484929d49e10f203a7fc536e9582f629', 'wl', '2022-03-24 16:49:50', '2022-07-01 17:55:00', 'wl');
INSERT INTO `sys_identifying` VALUES ('17af15873268d85a8d696e42316515aa', '文件更名', 'library.file.rename', 'library', 'fa0c7f28b86a09f5ee4ad1e27ceb890e', 'wanglin', '2022-11-25 17:02:33', '2022-11-25 17:02:33', 'wanglin');
INSERT INTO `sys_identifying` VALUES ('1af39783c0dc878f0de2f81910775812', '文件删除', 'branch.file.del', 'branch', 'fa0c7f28b86a09f5ee4ad1e27ceb890e', 'wanglin', '2023-01-13 10:23:41', '2023-01-13 10:23:41', 'wanglin');
INSERT INTO `sys_identifying` VALUES ('258829400c35cab3a700a5c6b458093d', '文件夹移动', 'library.folder.move', 'library', 'fa0c7f28b86a09f5ee4ad1e27ceb890e', 'wanglin', '2022-11-25 17:00:56', '2022-11-25 17:00:56', 'wanglin');
INSERT INTO `sys_identifying` VALUES ('2610bbacc86d894628d8f8dd5db4916d', '移动任务', 'task.move', 'task', '484929d49e10f203a7fc536e9582f629', 'wl', '2022-03-24 16:40:00', '2022-03-24 16:40:00', 'wl');
INSERT INTO `sys_identifying` VALUES ('2a4ae5b1a5dc096cdc76eba5ec0085cd', '文件上传', 'library.file.upload', 'library', 'fa0c7f28b86a09f5ee4ad1e27ceb890e', 'wanglin', '2022-11-25 17:02:06', '2022-11-25 17:02:06', 'wanglin');
INSERT INTO `sys_identifying` VALUES ('2c5760754a6bcfb9c9bdd5fdaa875c7d', '删除任务', 'task.del', 'task', '484929d49e10f203a7fc536e9582f629', '微信用户', '2022-03-24 11:36:20', '2022-03-24 16:39:33', '微信用户');
INSERT INTO `sys_identifying` VALUES ('3225425a7a3b57284e2d381ca76456f4', '文件删除', 'library.file.del', 'library', 'fa0c7f28b86a09f5ee4ad1e27ceb890e', 'wanglin', '2022-11-25 17:03:18', '2022-11-25 17:03:18', 'wanglin');
INSERT INTO `sys_identifying` VALUES ('3574a8cb917bec4f9ca11e7af590fd3f', '设置可见性', 'project.set.visibility', 'project', '484929d49e10f203a7fc536e9582f629', 'wl', '2022-03-24 16:51:26', '2022-03-24 16:51:26', 'wl');
INSERT INTO `sys_identifying` VALUES ('39c412cd4fd48d4cf765ce9fb078e319', '批量下载', 'library.batch.download', 'library', 'fa0c7f28b86a09f5ee4ad1e27ceb890e', 'wanglin', '2022-11-25 17:03:39', '2022-11-25 17:03:39', 'wanglin');
INSERT INTO `sys_identifying` VALUES ('4a9b126d2d70edeb3b4a9dee2222f7c6', '移动回收站/恢复任务', 'task.recycle.move.restore', 'task', '484929d49e10f203a7fc536e9582f629', 'wl', '2022-03-24 16:45:52', '2022-03-24 16:48:26', 'wl');
INSERT INTO `sys_identifying` VALUES ('4c2a8f8e75b447ef730c27cc73c8c27e', '添加/移除参与者', 'task.add.remove.participants', 'task', '484929d49e10f203a7fc536e9582f629', 'wl', '2022-03-30 15:48:33', '2022-03-30 15:49:07', 'wl');
INSERT INTO `sys_identifying` VALUES ('508ae7ad78d2e168ffe27ada8433bbea', '任务设置', 'project.task.settings', 'project', '484929d49e10f203a7fc536e9582f629', 'wl', '2022-03-28 18:01:33', '2022-03-28 18:01:33', 'wl');
INSERT INTO `sys_identifying` VALUES ('53802617aba988c739a894d6357e6a94', '附件更名', 'library.annex.rename', 'library', 'fa0c7f28b86a09f5ee4ad1e27ceb890e', 'wanglin', '2022-11-25 18:05:42', '2022-11-25 18:05:42', 'wanglin');
INSERT INTO `sys_identifying` VALUES ('573f93424f3f71995209b1d3c3b7d603', '设置任务优先级', 'set.task.priorities', 'task', '484929d49e10f203a7fc536e9582f629', 'wl', '2022-03-24 16:44:10', '2022-03-24 16:44:10', 'wl');
INSERT INTO `sys_identifying` VALUES ('5d7cef49f01ba175d22461c195a1cac3', '设置任务执行人员', 'set.task.performers', 'task', '484929d49e10f203a7fc536e9582f629', 'wl', '2022-03-24 16:43:09', '2022-03-24 16:43:09', 'wl');
INSERT INTO `sys_identifying` VALUES ('672beb05833569f2bb3a9fa0b9705c6d', '消息通知', 'project.message.notification', 'project', '484929d49e10f203a7fc536e9582f629', 'wl', '2022-03-28 18:00:55', '2022-03-28 18:00:55', 'wl');
INSERT INTO `sys_identifying` VALUES ('68be1274bd14e528c5fb4add360700e5', '附件删除', 'library.annex.del', 'library', 'fa0c7f28b86a09f5ee4ad1e27ceb890e', 'wanglin', '2022-11-25 18:09:20', '2022-11-25 18:09:20', 'wanglin');
INSERT INTO `sys_identifying` VALUES ('6c5f15c0ec6d5ebb33fcfc5710070c43', '文件编辑', 'library.file.edit', 'library', 'fa0c7f28b86a09f5ee4ad1e27ceb890e', 'wanglin', '2022-11-25 17:02:18', '2022-11-25 17:02:18', 'wanglin');
INSERT INTO `sys_identifying` VALUES ('72da67b8708033b7b4c26bda94462540', '文件夹下载', 'library.folder.download', 'library', 'fa0c7f28b86a09f5ee4ad1e27ceb890e', 'wanglin', '2022-11-25 17:01:34', '2022-11-25 17:01:34', 'wanglin');
INSERT INTO `sys_identifying` VALUES ('7780eea2c6cb8fbfd0b5311b32ae6d46', '文件下载', 'library.file.download', 'library', 'fa0c7f28b86a09f5ee4ad1e27ceb890e', 'wanglin', '2022-11-25 17:03:05', '2022-11-25 17:03:05', 'wanglin');
INSERT INTO `sys_identifying` VALUES ('7a20a38cf60a02057f2adf7e5a13ff5f', '存档比较', 'branch.commit.compare', 'branch', 'fa0c7f28b86a09f5ee4ad1e27ceb890e', 'wanglin', '2023-01-13 10:22:26', '2023-01-13 10:22:26', 'wanglin');
INSERT INTO `sys_identifying` VALUES ('7daf3257a9b4d43aa2d4006d04aaee4c', '编辑任务列表', 'tasklist.edit', 'task_list', '484929d49e10f203a7fc536e9582f629', 'wl', '2022-03-24 16:46:50', '2022-03-24 16:46:50', 'wl');
INSERT INTO `sys_identifying` VALUES ('84a7d8a701c82671c7866a5e6a9dbf07', '修改执行状态', 'modify.task.execution.status', 'task', '484929d49e10f203a7fc536e9582f629', 'wl', '2022-03-24 16:42:28', '2022-03-24 16:42:28', 'wl');
INSERT INTO `sys_identifying` VALUES ('8789a6b5686b61f2b9081a7ceb390e8a', '新建文档/上传文件夹/新建文件夹', 'branch.file.create', 'branch', 'fa0c7f28b86a09f5ee4ad1e27ceb890e', 'wanglin', '2023-01-13 10:20:48', '2023-01-13 10:20:48', 'wanglin');
INSERT INTO `sys_identifying` VALUES ('8f0f41b23eb696c6ed648a1ff12264e4', '新建分支', 'branch.create', 'branch', 'fa0c7f28b86a09f5ee4ad1e27ceb890e', 'wanglin', '2023-01-13 10:21:54', '2023-01-13 10:21:54', 'wanglin');
INSERT INTO `sys_identifying` VALUES ('95b8af5e65f0ec90ac4f900e40328cde', '合并分支', 'branch.merge', 'branch', 'fa0c7f28b86a09f5ee4ad1e27ceb890e', 'wanglin', '2023-01-13 10:22:09', '2023-01-13 10:22:09', 'wanglin');
INSERT INTO `sys_identifying` VALUES ('983202c309247acb813f1a72255ccce2', '批量删除', 'library.batch.del', 'library', 'fa0c7f28b86a09f5ee4ad1e27ceb890e', 'wanglin', '2022-11-25 17:08:23', '2022-11-25 17:08:23', 'wanglin');
INSERT INTO `sys_identifying` VALUES ('9ac72349ddcea7608727f74d72bafdf0', '切换成员权限', 'project.toggle.permissions', 'project', '484929d49e10f203a7fc536e9582f629', 'wl', '2022-06-07 11:03:36', '2022-06-07 11:03:36', 'wl');
INSERT INTO `sys_identifying` VALUES ('9b0c6ce7f11ead3aec988aad1850c0c5', '新增/管理自定义字段', 'project.add.manage.custom.fields', 'project', '484929d49e10f203a7fc536e9582f629', 'wl', '2022-03-24 16:50:26', '2022-03-24 16:50:56', 'wl');
INSERT INTO `sys_identifying` VALUES ('9b665960e7cd82f01e3dcda1f3754ef7', '修改计划基础信息', 'project.base.edit', 'project', '484929d49e10f203a7fc536e9582f629', 'wl', '2022-03-24 16:47:26', '2022-07-01 17:55:04', 'wl');
INSERT INTO `sys_identifying` VALUES ('9df4385a0f82b6dd228a0f25afddf745', '添加/移除参与者', 'project.add.remove.participants', 'project', '484929d49e10f203a7fc536e9582f629', 'wl', '2022-03-24 16:52:06', '2022-03-28 17:56:15', 'wl');
INSERT INTO `sys_identifying` VALUES ('a0e80h6f2157c123226e98b189919e5f', '插件使用', 'project.plugin.use', 'project', '484929d49e10f203a7fc536e9582f629', 'wl', '2022-03-24 16:49:25', '2022-07-01 17:55:11', 'wl');
INSERT INTO `sys_identifying` VALUES ('a0e888603206c217226e98b189919e5f', '复制计划', 'project.copy', 'project', '484929d49e10f203a7fc536e9582f629', 'wl', '2022-03-24 16:49:25', '2022-07-01 17:55:11', 'wl');
INSERT INTO `sys_identifying` VALUES ('a343530f6db293e1667eba2b59679126', '设置任务时间', 'set.task.time', 'task', '484929d49e10f203a7fc536e9582f629', 'wl', '2022-03-24 16:43:33', '2022-03-24 16:43:33', 'wl');
INSERT INTO `sys_identifying` VALUES ('a685e0cc87dcebf0f1abce640f41e196', '创建子任务', 'create.subtasks', 'task', '484929d49e10f203a7fc536e9582f629', 'wl', '2022-03-24 16:45:00', '2022-03-24 16:45:00', 'wl');
INSERT INTO `sys_identifying` VALUES ('ab1b608ee3f3c8e3bf96c51344bb42b9', '设置任务标签', 'set.task.tag', 'task', '484929d49e10f203a7fc536e9582f629', 'wl', '2022-03-24 16:44:22', '2022-03-24 16:44:22', 'wl');
INSERT INTO `sys_identifying` VALUES ('b31b3651daf26b9179b0146a929bc393', '文件下载', 'branch.file.download', 'branch', 'fa0c7f28b86a09f5ee4ad1e27ceb890e', 'wanglin', '2023-01-13 10:21:08', '2023-01-13 10:21:08', 'wanglin');
INSERT INTO `sys_identifying` VALUES ('b8a17277321f255bff71890f19f4a643', '计划角色与权限', 'project.roles.permissions', 'project', '484929d49e10f203a7fc536e9582f629', 'wl', '2022-03-28 17:55:36', '2022-07-01 17:55:18', 'wl');
INSERT INTO `sys_identifying` VALUES ('be9fffd7f3197d63d57fc134e409be2a', '创建文件夹', 'library.folder.create', 'library', 'fa0c7f28b86a09f5ee4ad1e27ceb890e', 'wanglin', '2022-11-25 17:00:23', '2022-11-25 17:00:23', 'wanglin');
INSERT INTO `sys_identifying` VALUES ('cff2a8610b28b850015aeee75931ee3c', '节点编辑', 'branch.commit.edit', 'branch', 'fa0c7f28b86a09f5ee4ad1e27ceb890e', 'wanglin', '2023-01-13 10:23:08', '2023-01-13 10:23:08', 'wanglin');
INSERT INTO `sys_identifying` VALUES ('d6da10db62549e2b687277bff20bc1a8', '删除任务列表', 'tasklist.del', 'task_list', '484929d49e10f203a7fc536e9582f629', 'wl', '2022-03-24 16:47:00', '2022-03-24 16:47:00', 'wl');
INSERT INTO `sys_identifying` VALUES ('d8f1bc7502b9f717dbba3eb959c3ca2b', '附件下载', 'library.annex.download', 'library', 'fa0c7f28b86a09f5ee4ad1e27ceb890e', 'wanglin', '2022-11-25 18:09:04', '2022-11-25 18:09:04', 'wanglin');
INSERT INTO `sys_identifying` VALUES ('dd3800e99f70eb72204b56de26095543', '设置任务备注', 'set.task.remark', 'task', '484929d49e10f203a7fc536e9582f629', 'wl', '2022-03-24 16:43:48', '2022-03-24 16:43:48', 'wl');
INSERT INTO `sys_identifying` VALUES ('e1129cfd5864756d7b515edc4c820003', '移至回收站/恢复计划', 'project.recycle.move.restore', 'project', '484929d49e10f203a7fc536e9582f629', 'wl', '2022-03-24 16:49:06', '2022-07-01 17:55:21', 'wl');
INSERT INTO `sys_identifying` VALUES ('e2644f9afa8b533fe887a626c6a5fe61', '在线编辑', 'branch.file.edit', 'branch', 'fa0c7f28b86a09f5ee4ad1e27ceb890e', 'wanglin', '2023-01-13 10:21:24', '2023-01-13 10:21:24', 'wanglin');
INSERT INTO `sys_identifying` VALUES ('ed183f250991aae2e7eee6f719ef23f2', '修改完成状态', 'modify.task.completion.status', 'task', '484929d49e10f203a7fc536e9582f629', 'wl', '2022-03-24 16:41:50', '2022-03-24 16:41:50', 'wl');
INSERT INTO `sys_identifying` VALUES ('ed8f9e1f9e937ae337af8efb7b4bbe2a', '创建任务列表', 'tasklist.create', 'task_list', '484929d49e10f203a7fc536e9582f629', 'wl', '2022-03-24 16:46:39', '2022-03-24 16:46:39', 'wl');
INSERT INTO `sys_identifying` VALUES ('f1e2d8718e6d7cccb8fa1585396ade76', '归档计划/取消归档计划', 'project.archive.Unarchive', 'project', '484929d49e10f203a7fc536e9582f629', 'wl', '2022-03-24 16:48:08', '2022-07-01 17:55:27', 'wl');
INSERT INTO `sys_identifying` VALUES ('f2k2d3714e6d7abca2fe1585306age71', '资源投入', 'project.resource.input.settings', 'project', '484929d49e10f203a7fc536e9582f629', 'wl', '2022-03-24 16:49:50', '2022-07-01 17:55:00', 'wl');
INSERT INTO `sys_identifying` VALUES ('f2k2d8714e6d7cccb8fe1585306age71', '同步参与人', 'project.synchronize.participants', 'project', '484929d49e10f203a7fc536e9582f629', 'wl', '2022-03-24 16:49:50', '2022-07-01 17:55:00', 'wl');
INSERT INTO `sys_identifying` VALUES ('f30698f628b88b8a4cd77314baca705a', '文件夹更名', 'library.folder.rename', 'library', 'fa0c7f28b86a09f5ee4ad1e27ceb890e', 'wanglin', '2022-11-25 17:00:43', '2022-11-25 17:00:43', 'wanglin');
INSERT INTO `sys_identifying` VALUES ('f36727b84a5e79cb1a81eb9f8b563e58', '任务创建', 'task.create', 'task', '484929d49e10f203a7fc536e9582f629', '微信用户', '2022-03-24 11:35:51', '2022-03-24 11:35:51', '微信用户');
INSERT INTO `sys_identifying` VALUES ('f73824b83c15bf300c5647688f0768af', '删除文件夹', 'library.folder.del', 'library', 'fa0c7f28b86a09f5ee4ad1e27ceb890e', 'wanglin', '2022-11-25 17:01:10', '2022-11-25 17:01:10', 'wanglin');
INSERT INTO `sys_identifying` VALUES ('j1f1d6724e4d7abca3fe1585306age72', '消息通知', 'project.message.notifications', 'project', '484929d49e10f203a7fc536e9582f629', 'wl', '2022-03-24 16:49:50', '2022-07-01 17:55:00', 'wl');

-- ----------------------------
-- Table structure for sys_identifying_role
-- ----------------------------
DROP TABLE IF EXISTS `sys_identifying_role`;
CREATE TABLE `sys_identifying_role`  (
  `id` varchar(50) CHARACTER SET utf8mb4 COLLATE utf8mb4_general_ci NOT NULL,
  `role` varchar(50) CHARACTER SET utf8mb4 COLLATE utf8mb4_general_ci NULL DEFAULT NULL COMMENT '角色id',
  `identifying` varchar(50) CHARACTER SET utf8mb4 COLLATE utf8mb4_general_ci NULL DEFAULT NULL COMMENT '资源id',
  PRIMARY KEY (`id`) USING BTREE
) ENGINE = InnoDB CHARACTER SET = utf8mb4 COLLATE = utf8mb4_general_ci COMMENT = '资源与角色的关联表' ROW_FORMAT = Dynamic;

-- ----------------------------
-- Records of sys_identifying_role
-- ----------------------------
INSERT INTO `sys_identifying_role` VALUES ('0e163326c136f58054bf7d987b3161a6', '60907f92a81a06510a7da8b33b415ced', 'f1e2d8718e6d7cccb8fa1585396ade76');
INSERT INTO `sys_identifying_role` VALUES ('0fbb7f498bfd4f124fe1da0a0d4fe42d', '60907f92a81a06510a7da8b33b415ced', 'be9fffd7f3197d63d57fc134e409be2a');
INSERT INTO `sys_identifying_role` VALUES ('148b186a612ffa7b5f8203083a9f0d95', '60907f92a81a06510a7da8b33b415ced', '2610bbacc86d894628d8f8dd5db4916d');
INSERT INTO `sys_identifying_role` VALUES ('155596677bf75f30dd708de5794ed0b6', '60907f92a81a06510a7da8b33b415ced', '4a9b126d2d70edeb3b4a9dee2222f7c6');
INSERT INTO `sys_identifying_role` VALUES ('1ec6c4e315c56834d6f92b8e1804b1c9', '60907f92a81a06510a7da8b33b415ced', 'f36727b84a5e79cb1a81eb9f8b563e58');
INSERT INTO `sys_identifying_role` VALUES ('1fad4f1280ca538206439f93827e37ec', '60907f92a81a06510a7da8b33b415ced', '7daf3257a9b4d43aa2d4006d04aaee4c');
INSERT INTO `sys_identifying_role` VALUES ('2812831c4048d4157adf5bb88d98c52d', '60907f92a81a06510a7da8b33b415ced', '84a7d8a701c82671c7866a5e6a9dbf07');
INSERT INTO `sys_identifying_role` VALUES ('2a33d5ed78209798fffb8237b806a3d6', '60907f92a81a06510a7da8b33b415ced', '0142cdfc40750187006240f16255a735');
INSERT INTO `sys_identifying_role` VALUES ('2eff0e3ba609aaa8cdebcf3697f00b0e', '60907f92a81a06510a7da8b33b415ced', '2a4ae5b1a5dc096cdc76eba5ec0085cd');
INSERT INTO `sys_identifying_role` VALUES ('3064618cf5746c73be168feb25d3aa4d', '60907f92a81a06510a7da8b33b415ced', 'j1f1d6724e4d7abca3fe1585306age72');
INSERT INTO `sys_identifying_role` VALUES ('307e22dbd2846f506eee6e2364279f60', '60907f92a81a06510a7da8b33b415ced', 'cff2a8610b28b850015aeee75931ee3c');
INSERT INTO `sys_identifying_role` VALUES ('335826326d97f3fa00c849d33a71110c', '60907f92a81a06510a7da8b33b415ced', '39c412cd4fd48d4cf765ce9fb078e319');
INSERT INTO `sys_identifying_role` VALUES ('3487c466fce2cd2bdd9d47c2fea1a197', '60907f92a81a06510a7da8b33b415ced', '9df4385a0f82b6dd228a0f25afddf745');
INSERT INTO `sys_identifying_role` VALUES ('38b0ea639f927fa0447f2786308f18f3', '60907f92a81a06510a7da8b33b415ced', '9b0c6ce7f11ead3aec988aad1850c0c5');
INSERT INTO `sys_identifying_role` VALUES ('38b8e5279ce70c60c08de263bfd273a8', '60907f92a81a06510a7da8b33b415ced', '672beb05833569f2bb3a9fa0b9705c6d');
INSERT INTO `sys_identifying_role` VALUES ('3bb4ed1763d70fa2f7450bc854e3aa45', '60907f92a81a06510a7da8b33b415ced', 'a0e80h6f2157c123226e98b189919e5f');
INSERT INTO `sys_identifying_role` VALUES ('3f34045dcf2cf811f9a316819a7d7a2d', '60907f92a81a06510a7da8b33b415ced', '10d5fb64c0a3b40d39446c644d59e1c0');
INSERT INTO `sys_identifying_role` VALUES ('4f5c164017260aae56a011ec7e2abdb0', '60907f92a81a06510a7da8b33b415ced', '1af39783c0dc878f0de2f81910775812');
INSERT INTO `sys_identifying_role` VALUES ('50d6d693666fc3ad5d59b28e99219f83', '60907f92a81a06510a7da8b33b415ced', 'ed183f250991aae2e7eee6f719ef23f2');
INSERT INTO `sys_identifying_role` VALUES ('51df7ff0633226cbca570ebb5e4e809b', '60907f92a81a06510a7da8b33b415ced', '3574a8cb917bec4f9ca11e7af590fd3f');
INSERT INTO `sys_identifying_role` VALUES ('5ec0961ebd2f9da52cdebe661aec740e', '60907f92a81a06510a7da8b33b415ced', 'e2644f9afa8b533fe887a626c6a5fe61');
INSERT INTO `sys_identifying_role` VALUES ('5fef2100c0392c1f56b2d0c3f04a3860', '60907f92a81a06510a7da8b33b415ced', '6c5f15c0ec6d5ebb33fcfc5710070c43');
INSERT INTO `sys_identifying_role` VALUES ('60706efa5c2614d386d5be7e6ceec941', '60907f92a81a06510a7da8b33b415ced', '16e7e100438beb54abe4f4c5893ce7bd');
INSERT INTO `sys_identifying_role` VALUES ('6ab12d4a90467d7d1c9d64759a326471', '60907f92a81a06510a7da8b33b415ced', '09b963cfb431f24d2d7894f88d9c0f1d');
INSERT INTO `sys_identifying_role` VALUES ('7692c47b06e01c13d4e1490758b48c00', '60907f92a81a06510a7da8b33b415ced', '9b665960e7cd82f01e3dcda1f3754ef7');
INSERT INTO `sys_identifying_role` VALUES ('76e53a24c1cfc97cabdbb639a938b016', '60907f92a81a06510a7da8b33b415ced', 'f30698f628b88b8a4cd77314baca705a');
INSERT INTO `sys_identifying_role` VALUES ('770a2642d0aabd0ebf08c25b608c6f32', '60907f92a81a06510a7da8b33b415ced', '4c2a8f8e75b447ef730c27cc73c8c27e');
INSERT INTO `sys_identifying_role` VALUES ('781b7f6c41e2648402b283fc9aaff7b4', '60907f92a81a06510a7da8b33b415ced', 'f2k2d8714e6d7cccb8fe1585306age71');
INSERT INTO `sys_identifying_role` VALUES ('7db2d53771fbd6247a26883ec253057a', '60907f92a81a06510a7da8b33b415ced', '06c8c2a6f93cef6aee747f3c8ae0d90d');
INSERT INTO `sys_identifying_role` VALUES ('83532cc2d3dc26a408381ce3536afa72', '60907f92a81a06510a7da8b33b415ced', '573f93424f3f71995209b1d3c3b7d603');
INSERT INTO `sys_identifying_role` VALUES ('83ecbbe1fd9c5571b58994ce168a039d', '60907f92a81a06510a7da8b33b415ced', 'a685e0cc87dcebf0f1abce640f41e196');
INSERT INTO `sys_identifying_role` VALUES ('8c1503cc865e6961b6900557bf48c69c', '60907f92a81a06510a7da8b33b415ced', 'a0e888603206c217226e98b189919e5f');
INSERT INTO `sys_identifying_role` VALUES ('911151a0211668ec926e76ec956902c9', '60907f92a81a06510a7da8b33b415ced', 'ed8f9e1f9e937ae337af8efb7b4bbe2a');
INSERT INTO `sys_identifying_role` VALUES ('93800b7c4b65fe14906aef8356fbb2a6', '60907f92a81a06510a7da8b33b415ced', '7780eea2c6cb8fbfd0b5311b32ae6d46');
INSERT INTO `sys_identifying_role` VALUES ('9bbb3e9296418cd36aea883a3c12ad84', '60907f92a81a06510a7da8b33b415ced', '508ae7ad78d2e168ffe27ada8433bbea');
INSERT INTO `sys_identifying_role` VALUES ('a4de1148e83d2025953c569dff183dc6', '60907f92a81a06510a7da8b33b415ced', '53802617aba988c739a894d6357e6a94');
INSERT INTO `sys_identifying_role` VALUES ('a6e4ad9b9c8e48422f08f9293531c14c', '60907f92a81a06510a7da8b33b415ced', '17af15873268d85a8d696e42316515aa');
INSERT INTO `sys_identifying_role` VALUES ('aa7f1e3f58356b16c9f035852f0e20d1', '60907f92a81a06510a7da8b33b415ced', '8789a6b5686b61f2b9081a7ceb390e8a');
INSERT INTO `sys_identifying_role` VALUES ('b3e80cdc6e3178373c85bff741a43661', '60907f92a81a06510a7da8b33b415ced', 'd8f1bc7502b9f717dbba3eb959c3ca2b');
INSERT INTO `sys_identifying_role` VALUES ('c670b17dbe53088bd8395ca2abaf83fe', '60907f92a81a06510a7da8b33b415ced', '95b8af5e65f0ec90ac4f900e40328cde');
INSERT INTO `sys_identifying_role` VALUES ('d05ee36e9f59f4b231e80380eaac81cc', '60907f92a81a06510a7da8b33b415ced', '68be1274bd14e528c5fb4add360700e5');
INSERT INTO `sys_identifying_role` VALUES ('d072c266162f40e7fb3f813610c70c3f', '60907f92a81a06510a7da8b33b415ced', 'f73824b83c15bf300c5647688f0768af');
INSERT INTO `sys_identifying_role` VALUES ('d287aa6a914738985f1d785cb67fef12', '60907f92a81a06510a7da8b33b415ced', 'b8a17277321f255bff71890f19f4a643');
INSERT INTO `sys_identifying_role` VALUES ('d5de53654b8098ea3f0373469f5fa801', '60907f92a81a06510a7da8b33b415ced', '258829400c35cab3a700a5c6b458093d');
INSERT INTO `sys_identifying_role` VALUES ('d7e10312a0f4d365913945de694273dd', '60907f92a81a06510a7da8b33b415ced', '3225425a7a3b57284e2d381ca76456f4');
INSERT INTO `sys_identifying_role` VALUES ('d931df875413b0d15057dc1f66aadab2', '60907f92a81a06510a7da8b33b415ced', 'f2k2d3714e6d7abca2fe1585306age71');
INSERT INTO `sys_identifying_role` VALUES ('dc4d547d2441ade49f66906ec6d6ad7c', '60907f92a81a06510a7da8b33b415ced', '72da67b8708033b7b4c26bda94462540');
INSERT INTO `sys_identifying_role` VALUES ('dd37509cc869dc2d7ebfdeb222c39d5e', '60907f92a81a06510a7da8b33b415ced', 'b31b3651daf26b9179b0146a929bc393');
INSERT INTO `sys_identifying_role` VALUES ('df3c8f496d59628c979b4d332c711a40', '60907f92a81a06510a7da8b33b415ced', 'ab1b608ee3f3c8e3bf96c51344bb42b9');
INSERT INTO `sys_identifying_role` VALUES ('e3f3be0804cbcb786728a20acec61357', '60907f92a81a06510a7da8b33b415ced', '983202c309247acb813f1a72255ccce2');
INSERT INTO `sys_identifying_role` VALUES ('e6f1887bbc0e5fb347db02ae7ea71588', '60907f92a81a06510a7da8b33b415ced', '9ac72349ddcea7608727f74d72bafdf0');
INSERT INTO `sys_identifying_role` VALUES ('eb990a8c757aef327758e50c7de6bd74', '60907f92a81a06510a7da8b33b415ced', 'd6da10db62549e2b687277bff20bc1a8');
INSERT INTO `sys_identifying_role` VALUES ('ece42cbc0363464805aa7923cf1622f4', '60907f92a81a06510a7da8b33b415ced', 'dd3800e99f70eb72204b56de26095543');
INSERT INTO `sys_identifying_role` VALUES ('ef55e5b587cf62d065f28346f3a2dab4', '60907f92a81a06510a7da8b33b415ced', '5d7cef49f01ba175d22461c195a1cac3');
INSERT INTO `sys_identifying_role` VALUES ('f11e8acb0c51f4025ee2b8fc8cbfdc28', '60907f92a81a06510a7da8b33b415ced', '2c5760754a6bcfb9c9bdd5fdaa875c7d');
INSERT INTO `sys_identifying_role` VALUES ('fe07457d6f84c04e4c79d38c5b166897', '60907f92a81a06510a7da8b33b415ced', 'e1129cfd5864756d7b515edc4c820003');
INSERT INTO `sys_identifying_role` VALUES ('fe0ff2a20a9b85f34c1e00c1d4d9d5e0', '60907f92a81a06510a7da8b33b415ced', '7a20a38cf60a02057f2adf7e5a13ff5f');
INSERT INTO `sys_identifying_role` VALUES ('fe5766177667e5d8e9f90b710ee688ca', '60907f92a81a06510a7da8b33b415ced', 'a343530f6db293e1667eba2b59679126');
INSERT INTO `sys_identifying_role` VALUES ('ff1d0fdc458c7d77f3a34c61990be1da', '60907f92a81a06510a7da8b33b415ced', '8f0f41b23eb696c6ed648a1ff12264e4');

-- ----------------------------
-- Table structure for sys_like
-- ----------------------------
DROP TABLE IF EXISTS `sys_like`;
CREATE TABLE `sys_like`  (
  `id` varchar(50) CHARACTER SET utf8mb4 COLLATE utf8mb4_general_ci NOT NULL,
  `tenant_id` varchar(50) CHARACTER SET utf8mb4 COLLATE utf8mb4_general_ci NULL DEFAULT NULL COMMENT '租户ID',
  `create_by_id` char(50) CHARACTER SET utf8mb4 COLLATE utf8mb4_general_ci NULL DEFAULT NULL COMMENT '创建者id',
  `update_by` varchar(50) CHARACTER SET utf8mb4 COLLATE utf8mb4_general_ci NULL DEFAULT NULL COMMENT '更新人',
  `create_time` datetime NOT NULL DEFAULT CURRENT_TIMESTAMP COMMENT '创建时间',
  `update_time` datetime NOT NULL DEFAULT CURRENT_TIMESTAMP ON UPDATE CURRENT_TIMESTAMP COMMENT '更新时间',
  `create_by` varchar(50) CHARACTER SET utf8mb4 COLLATE utf8mb4_general_ci NULL DEFAULT NULL COMMENT '创建人',
  `relevance_id` varchar(50) CHARACTER SET utf8mb4 COLLATE utf8mb4_general_ci NULL DEFAULT NULL COMMENT '任务或日程id',
  `type` enum('task','schedule','project') CHARACTER SET utf8mb4 COLLATE utf8mb4_general_ci NULL DEFAULT NULL COMMENT '类型',
  PRIMARY KEY (`id`) USING BTREE
) ENGINE = InnoDB CHARACTER SET = utf8mb4 COLLATE = utf8mb4_general_ci COMMENT = '点赞表' ROW_FORMAT = Dynamic;

-- ----------------------------
-- Records of sys_like
-- ----------------------------

-- ----------------------------
-- Table structure for sys_log
-- ----------------------------
DROP TABLE IF EXISTS `sys_log`;
CREATE TABLE `sys_log`  (
  `id` char(50) CHARACTER SET utf8mb4 COLLATE utf8mb4_general_ci NOT NULL,
  `business_name` varchar(32) CHARACTER SET utf8mb4 COLLATE utf8mb4_general_ci NULL DEFAULT NULL COMMENT '项目名',
  `function_name` varchar(100) CHARACTER SET utf8mb4 COLLATE utf8mb4_general_ci NULL DEFAULT NULL COMMENT '功能名',
  `start_time` datetime NULL DEFAULT NULL COMMENT '开始时间',
  `end_time` datetime NULL DEFAULT NULL COMMENT '结束时间',
  `method_name` varchar(128) CHARACTER SET utf8mb4 COLLATE utf8mb4_general_ci NULL DEFAULT NULL COMMENT '方法名',
  `class_name` varchar(255) CHARACTER SET utf8mb4 COLLATE utf8mb4_general_ci NULL DEFAULT NULL COMMENT '类名',
  `thread_user` json NULL COMMENT '当前用户对象JSON',
  `parameters` json NULL COMMENT '请求参数对象JSON',
  `tid` varchar(128) CHARACTER SET utf8mb4 COLLATE utf8mb4_general_ci NULL DEFAULT '--' COMMENT 'tid',
  `version` varchar(32) CHARACTER SET utf8mb4 COLLATE utf8mb4_general_ci NULL DEFAULT NULL COMMENT '版本号',
  `consuming_time` int(11) NULL DEFAULT NULL COMMENT '耗时',
  `return_obj` json NULL COMMENT '返回对象JSON',
  `status` tinyint(1) NULL DEFAULT 0 COMMENT '返回状态是否是成功',
  `ip` varchar(50) CHARACTER SET utf8mb4 COLLATE utf8mb4_general_ci NULL DEFAULT NULL COMMENT '请求IP地址',
  `elements` longtext CHARACTER SET utf8mb4 COLLATE utf8mb4_general_ci NULL COMMENT '异常数据JSON',
  `exception_message` text CHARACTER SET utf8mb4 COLLATE utf8mb4_general_ci NULL COMMENT '异常消息数据',
  `env` varchar(255) CHARACTER SET utf8mb4 COLLATE utf8mb4_general_ci NULL DEFAULT NULL COMMENT '环境参数',
  `api` text CHARACTER SET utf8mb4 COLLATE utf8mb4_general_ci NULL COMMENT 'api地址',
  `type` tinyint(1) NULL DEFAULT 1 COMMENT '日志类型:1-AOP拦截,2-过程中的日志,3-自定义日志',
  `user_name` varchar(255) CHARACTER SET utf8mb4 COLLATE utf8mb4_general_ci NULL DEFAULT '--' COMMENT '用户名称',
  `create_date` datetime NULL DEFAULT CURRENT_TIMESTAMP COMMENT '创建时间',
  `tenant_id` char(50) CHARACTER SET utf8mb4 COLLATE utf8mb4_general_ci NULL DEFAULT '--' COMMENT '租户id',
  `operation_type` char(50) CHARACTER SET utf8mb4 COLLATE utf8mb4_general_ci NULL DEFAULT '--' COMMENT '操作类型',
  `client_id` char(200) CHARACTER SET utf8mb4 COLLATE utf8mb4_general_ci NULL DEFAULT '--' COMMENT '终端',
  `client_name` varchar(255) CHARACTER SET utf8mb4 COLLATE utf8mb4_general_ci NULL DEFAULT NULL COMMENT '终端名称',
  `user_id` char(50) CHARACTER SET utf8mb4 COLLATE utf8mb4_general_ci NULL DEFAULT NULL COMMENT '用户ID',
  PRIMARY KEY (`id`) USING BTREE,
  INDEX `start_time`(`start_time`) USING BTREE,
  INDEX `client_id`(`client_id`(191)) USING BTREE
) ENGINE = InnoDB CHARACTER SET = utf8mb4 COLLATE = utf8mb4_general_ci COMMENT = '请求日志' ROW_FORMAT = Dynamic;

-- ----------------------------
-- Records of sys_log
-- ----------------------------

-- ----------------------------
-- Table structure for sys_role
-- ----------------------------
DROP TABLE IF EXISTS `sys_role`;
CREATE TABLE `sys_role`  (
  `id` varchar(50) CHARACTER SET utf8mb4 COLLATE utf8mb4_general_ci NOT NULL,
  `role_name` varchar(50) CHARACTER SET utf8mb4 COLLATE utf8mb4_general_ci NULL DEFAULT NULL COMMENT '角色名称',
  `role_desc` text CHARACTER SET utf8mb4 COLLATE utf8mb4_general_ci NULL COMMENT '角色描述',
  `role_type` varchar(50) CHARACTER SET utf8mb4 COLLATE utf8mb4_general_ci NOT NULL COMMENT '角色类型system 系统 / project 项目',
  `can_deleted` tinyint(1) NULL DEFAULT 1 COMMENT '是否可删除',
  `can_edit` tinyint(1) NULL DEFAULT 1 COMMENT '是否可编辑',
  `tenant_id` varchar(50) CHARACTER SET utf8mb4 COLLATE utf8mb4_general_ci NULL DEFAULT NULL COMMENT '租户ID',
  `create_by_id` char(50) CHARACTER SET utf8mb4 COLLATE utf8mb4_general_ci NULL DEFAULT NULL COMMENT '创建者id',
  `update_by` varchar(50) CHARACTER SET utf8mb4 COLLATE utf8mb4_general_ci NULL DEFAULT NULL COMMENT '更新人',
  `create_time` datetime NOT NULL DEFAULT CURRENT_TIMESTAMP COMMENT '创建时间',
  `update_time` datetime NOT NULL DEFAULT CURRENT_TIMESTAMP ON UPDATE CURRENT_TIMESTAMP COMMENT '更新时间',
  `create_by` varchar(50) CHARACTER SET utf8mb4 COLLATE utf8mb4_general_ci NULL DEFAULT NULL COMMENT '创建人',
  PRIMARY KEY (`id`) USING BTREE
) ENGINE = InnoDB CHARACTER SET = utf8mb4 COLLATE = utf8mb4_general_ci COMMENT = '角色表' ROW_FORMAT = Dynamic;

-- ----------------------------
-- Records of sys_role
-- ----------------------------
INSERT INTO `sys_role` VALUES ('60907f92a81a06510a7da8b33b415ced', '计划拥有者', '有计划所有权限', 'system', 0, 0, '1', 'fa0c7f28b86a09f5ee4ad1e27ceb890e', 'wanglin', '2023-01-18 18:21:59', '2023-01-18 18:21:59', 'wanglin');

-- ----------------------------
-- Table structure for sys_system_setting
-- ----------------------------
DROP TABLE IF EXISTS `sys_system_setting`;
CREATE TABLE `sys_system_setting`  (
  `id` varchar(50) CHARACTER SET utf8mb4 COLLATE utf8mb4_general_ci NOT NULL,
  `field_type` enum('priority_task','project_execute_task_status') CHARACTER SET utf8mb4 COLLATE utf8mb4_general_ci NULL DEFAULT NULL COMMENT '字段类型priority 任务优先级 project_execute_task_status 任务执行状态',
  `field_value` varchar(255) CHARACTER SET utf8mb4 COLLATE utf8mb4_general_ci NULL DEFAULT NULL COMMENT '字段值',
  `tenant_id` varchar(50) CHARACTER SET utf8mb4 COLLATE utf8mb4_general_ci NULL DEFAULT NULL COMMENT '租户ID',
  `sort` int(11) NULL DEFAULT NULL COMMENT '排序',
  `create_time` datetime NOT NULL DEFAULT CURRENT_TIMESTAMP COMMENT '创建时间',
  `update_time` datetime NOT NULL DEFAULT CURRENT_TIMESTAMP ON UPDATE CURRENT_TIMESTAMP COMMENT '更新时间',
  `default_is` tinyint(1) NULL DEFAULT 0 COMMENT '是否为默认值',
  `colour` varchar(30) CHARACTER SET utf8mb4 COLLATE utf8mb4_general_ci NULL DEFAULT NULL COMMENT '颜色',
  PRIMARY KEY (`id`) USING BTREE
) ENGINE = InnoDB CHARACTER SET = utf8mb4 COLLATE = utf8mb4_general_ci COMMENT = '系统字段值配置' ROW_FORMAT = Dynamic;

-- ----------------------------
-- Records of sys_system_setting
-- ----------------------------
INSERT INTO `sys_system_setting` VALUES ('0a55b6e0f87644464c804133f6d23d3e', 'priority_task', '重要紧急', '1', 5, '2022-03-24 14:11:16', '2022-06-07 18:49:31', 0, '#FB7894');
INSERT INTO `sys_system_setting` VALUES ('0ac9ae8cb5d0082f43f4b320fdae28e9', 'project_execute_task_status', '等待', '1', 7, '2022-03-25 19:42:23', '2022-06-15 16:37:46', 0, '#D287F8');
INSERT INTO `sys_system_setting` VALUES ('2511e05f358f034255a45ab0d7f0fe94', 'project_execute_task_status', '暂停', '1', 5, '2022-03-24 11:06:38', '2022-11-07 18:59:54', 0, '#FF9F73');
INSERT INTO `sys_system_setting` VALUES ('4369def6eeab1595dfb267e27797e93e', 'priority_task', '重要不紧急', '1', 5, '2022-03-24 14:11:23', '2022-06-15 16:39:17', 0, '#F6C659');
INSERT INTO `sys_system_setting` VALUES ('71c2ad888f8fdc33ebeb0ead29f56208', 'project_execute_task_status', '挂起', '1', 9, '2022-03-27 16:19:42', '2022-07-07 17:56:34', 0, '#F6C659');
INSERT INTO `sys_system_setting` VALUES ('c9054a1230f4f91603943cce1035924d', 'priority_task', '普通任务', '1', 6, '2022-03-25 18:49:09', '2022-06-15 16:39:29', 1, '#56ABFB');
INSERT INTO `sys_system_setting` VALUES ('feca07c4a449bb70c4c90bc2ce5ee8ba', 'project_execute_task_status', '正常', '1', 6, '2022-03-25 19:42:23', '2022-11-07 18:59:46', 1, '#56ABFB');

-- ----------------------------
-- Table structure for sys_user_role
-- ----------------------------
DROP TABLE IF EXISTS `sys_user_role`;
CREATE TABLE `sys_user_role`  (
  `id` varchar(50) CHARACTER SET utf8mb4 COLLATE utf8mb4_general_ci NOT NULL,
  `user_id` varchar(50) CHARACTER SET utf8mb4 COLLATE utf8mb4_general_ci NULL DEFAULT NULL COMMENT '用户id 部门id 岗位id 群组id',
  `role_id` varchar(50) CHARACTER SET utf8mb4 COLLATE utf8mb4_general_ci NULL DEFAULT NULL COMMENT '角色id',
  `project_id` varchar(50) CHARACTER SET utf8mb4 COLLATE utf8mb4_general_ci NULL DEFAULT NULL COMMENT '项目id',
  `data_auth_type` enum('person','dept','job','role','user_group') CHARACTER SET utf8mb4 COLLATE utf8mb4_general_ci NULL DEFAULT 'person' COMMENT '数据权限类型',
  `tenant_id` varchar(50) CHARACTER SET utf8mb4 COLLATE utf8mb4_general_ci NULL DEFAULT NULL COMMENT '租户ID',
  PRIMARY KEY (`id`) USING BTREE
) ENGINE = InnoDB CHARACTER SET = utf8mb4 COLLATE = utf8mb4_general_ci COMMENT = '用户与角色关联表' ROW_FORMAT = Dynamic;

-- ----------------------------
-- Records of sys_user_role
-- ----------------------------

SET FOREIGN_KEY_CHECKS = 1;
