create database `jvs-document` default character set utf8mb4 collate utf8mb4_general_ci;
use jvs-document;


SET NAMES utf8mb4;
SET FOREIGN_KEY_CHECKS = 0;

-- ----------------------------
-- Table structure for dc_auth_config
-- ----------------------------
DROP TABLE IF EXISTS `dc_auth_config`;
CREATE TABLE `dc_auth_config` (
  `role_id` varchar(50) NOT NULL COMMENT '角色id',
  `user_id` varchar(50) NOT NULL COMMENT '用户id，系统角色id，部门id，群组id，岗位id',
  `data_auth_type` enum('person','dept','job','role','user_group') NOT NULL DEFAULT 'person' COMMENT '数据权限类型',
  `dc_id` varchar(50) NOT NULL COMMENT '文档id',
  `id` varchar(50) DEFAULT NULL COMMENT 'id'
) ENGINE=InnoDB DEFAULT CHARSET=utf8mb4 ROW_FORMAT=DYNAMIC COMMENT='文档参与人与权限绑定关系';

-- ----------------------------
-- Records of dc_auth_config
-- ----------------------------
BEGIN;
COMMIT;

-- ----------------------------
-- Table structure for dc_identifying
-- ----------------------------
DROP TABLE IF EXISTS `dc_identifying`;
CREATE TABLE `dc_identifying` (
  `id` varchar(50) NOT NULL,
  `identifying_name` varchar(255) DEFAULT NULL COMMENT '标识名称',
  `identifying_key` varchar(255) DEFAULT NULL COMMENT '标识key',
  `identifying_type` varchar(255) DEFAULT NULL COMMENT '标识类型',
  `create_by_id` char(50) DEFAULT NULL COMMENT '创建者id',
  `update_by` varchar(50) DEFAULT NULL COMMENT '更新人',
  `create_time` datetime NOT NULL DEFAULT CURRENT_TIMESTAMP COMMENT '创建时间',
  `update_time` datetime NOT NULL DEFAULT CURRENT_TIMESTAMP ON UPDATE CURRENT_TIMESTAMP COMMENT '更新时间',
  `create_by` varchar(50) DEFAULT NULL COMMENT '创建人',
  `is_select` tinyint(1) DEFAULT '0' COMMENT '是否可以选择 就是一些默认的权限 不用用户选择 系统直接默认的',
  PRIMARY KEY (`id`) USING BTREE
) ENGINE=InnoDB DEFAULT CHARSET=utf8mb4 COMMENT='权限标识';

-- ----------------------------
-- Records of dc_identifying
-- ----------------------------
BEGIN;
INSERT INTO `dc_identifying` VALUES ('1', '文库删除', 'library_delete', '文库权限', NULL, NULL, '2022-04-15 11:00:56', '2022-04-18 16:11:33', NULL, 0);
INSERT INTO `dc_identifying` VALUES ('10', '文档分享', 'document_share', '文档权限', NULL, NULL, '2022-04-18 15:27:21', '2022-04-18 16:11:33', NULL, 0);
INSERT INTO `dc_identifying` VALUES ('11', '文库转移项目', 'library_transfer', '文库权限', NULL, NULL, '2022-04-18 16:08:34', '2022-04-18 16:19:14', NULL, 1);
INSERT INTO `dc_identifying` VALUES ('12', '文档删除', 'document_delete', '文档权限', NULL, NULL, '2022-04-18 15:27:21', '2022-04-18 16:11:33', NULL, 0);
INSERT INTO `dc_identifying` VALUES ('2', '文库编辑', 'library_update', '文库权限', NULL, NULL, '2022-04-15 11:01:18', '2022-04-18 16:56:36', NULL, 0);
INSERT INTO `dc_identifying` VALUES ('3', '提醒设置', 'library_remind_settings', '文库权限', NULL, NULL, '2022-04-15 11:01:18', '2022-04-18 16:11:33', NULL, 0);
INSERT INTO `dc_identifying` VALUES ('4', '权限设置', 'library_auth_settings', '文库权限', NULL, NULL, '2022-04-15 11:01:18', '2022-04-18 16:11:33', NULL, 0);
INSERT INTO `dc_identifying` VALUES ('5', '文库下载', 'library_down', '文库权限', NULL, NULL, '2022-04-18 15:27:21', '2022-04-18 16:11:33', NULL, 0);
INSERT INTO `dc_identifying` VALUES ('6', '新建文档', 'document_add', '文档权限', NULL, NULL, '2022-04-18 15:27:21', '2022-04-18 16:11:33', NULL, 0);
INSERT INTO `dc_identifying` VALUES ('7', '文档下载', 'document_down', '文档权限', NULL, NULL, '2022-04-18 15:27:21', '2022-04-18 16:11:33', NULL, 0);
INSERT INTO `dc_identifying` VALUES ('8', '文档编辑', 'document_update', '文档权限', NULL, NULL, '2022-04-18 15:27:21', '2022-04-18 16:11:33', NULL, 0);
INSERT INTO `dc_identifying` VALUES ('9', '文档提醒', 'document_remind_settings', '文档权限', NULL, NULL, '2022-04-18 15:27:21', '2022-04-18 16:19:10', NULL, 0);
COMMIT;

-- ----------------------------
-- Table structure for dc_identifying_role_binding
-- ----------------------------
DROP TABLE IF EXISTS `dc_identifying_role_binding`;
CREATE TABLE `dc_identifying_role_binding` (
  `identifying_id` varchar(50) NOT NULL COMMENT '权限id',
  `role_id` varchar(50) NOT NULL COMMENT '角色id'
) ENGINE=InnoDB DEFAULT CHARSET=utf8mb4 COMMENT='权限与角色的绑定关系';

-- ----------------------------
-- Records of dc_identifying_role_binding
-- ----------------------------
BEGIN;
INSERT INTO `dc_identifying_role_binding` VALUES ('1', '1');
INSERT INTO `dc_identifying_role_binding` VALUES ('2', '1');
INSERT INTO `dc_identifying_role_binding` VALUES ('3', '1');
INSERT INTO `dc_identifying_role_binding` VALUES ('4', '1');
INSERT INTO `dc_identifying_role_binding` VALUES ('5', '1');
INSERT INTO `dc_identifying_role_binding` VALUES ('6', '1');
INSERT INTO `dc_identifying_role_binding` VALUES ('7', '1');
INSERT INTO `dc_identifying_role_binding` VALUES ('8', '1');
INSERT INTO `dc_identifying_role_binding` VALUES ('9', '1');
INSERT INTO `dc_identifying_role_binding` VALUES ('10', '1');
INSERT INTO `dc_identifying_role_binding` VALUES ('11', '1');
INSERT INTO `dc_identifying_role_binding` VALUES ('12', '1');
INSERT INTO `dc_identifying_role_binding` VALUES ('1', '2');
INSERT INTO `dc_identifying_role_binding` VALUES ('2', '2');
INSERT INTO `dc_identifying_role_binding` VALUES ('3', '2');
INSERT INTO `dc_identifying_role_binding` VALUES ('4', '2');
INSERT INTO `dc_identifying_role_binding` VALUES ('5', '2');
INSERT INTO `dc_identifying_role_binding` VALUES ('11', '2');
INSERT INTO `dc_identifying_role_binding` VALUES ('6', '2');
INSERT INTO `dc_identifying_role_binding` VALUES ('7', '2');
INSERT INTO `dc_identifying_role_binding` VALUES ('8', '2');
INSERT INTO `dc_identifying_role_binding` VALUES ('9', '2');
INSERT INTO `dc_identifying_role_binding` VALUES ('10', '2');
INSERT INTO `dc_identifying_role_binding` VALUES ('12', '2');
INSERT INTO `dc_identifying_role_binding` VALUES ('2', '1');
INSERT INTO `dc_identifying_role_binding` VALUES ('1', '1');
INSERT INTO `dc_identifying_role_binding` VALUES ('12', '1');
INSERT INTO `dc_identifying_role_binding` VALUES ('11', '1');
INSERT INTO `dc_identifying_role_binding` VALUES ('10', '1');
INSERT INTO `dc_identifying_role_binding` VALUES ('9', '1');
INSERT INTO `dc_identifying_role_binding` VALUES ('8', '1');
INSERT INTO `dc_identifying_role_binding` VALUES ('7', '1');
INSERT INTO `dc_identifying_role_binding` VALUES ('6', '1');
INSERT INTO `dc_identifying_role_binding` VALUES ('5', '1');
INSERT INTO `dc_identifying_role_binding` VALUES ('4', '1');
INSERT INTO `dc_identifying_role_binding` VALUES ('3', '1');
INSERT INTO `dc_identifying_role_binding` VALUES ('12', '2');
INSERT INTO `dc_identifying_role_binding` VALUES ('10', '2');
INSERT INTO `dc_identifying_role_binding` VALUES ('9', '2');
INSERT INTO `dc_identifying_role_binding` VALUES ('8', '2');
INSERT INTO `dc_identifying_role_binding` VALUES ('7', '2');
INSERT INTO `dc_identifying_role_binding` VALUES ('6', '2');
INSERT INTO `dc_identifying_role_binding` VALUES ('1', '0f692ff3cfa737ddd3604376ba8df50c');
INSERT INTO `dc_identifying_role_binding` VALUES ('2', '0f692ff3cfa737ddd3604376ba8df50c');
INSERT INTO `dc_identifying_role_binding` VALUES ('3', '0f692ff3cfa737ddd3604376ba8df50c');
INSERT INTO `dc_identifying_role_binding` VALUES ('4', '0f692ff3cfa737ddd3604376ba8df50c');
INSERT INTO `dc_identifying_role_binding` VALUES ('5', '0f692ff3cfa737ddd3604376ba8df50c');
INSERT INTO `dc_identifying_role_binding` VALUES ('6', '0f692ff3cfa737ddd3604376ba8df50c');
INSERT INTO `dc_identifying_role_binding` VALUES ('7', '0f692ff3cfa737ddd3604376ba8df50c');
INSERT INTO `dc_identifying_role_binding` VALUES ('8', '0f692ff3cfa737ddd3604376ba8df50c');
INSERT INTO `dc_identifying_role_binding` VALUES ('9', '0f692ff3cfa737ddd3604376ba8df50c');
INSERT INTO `dc_identifying_role_binding` VALUES ('10', '0f692ff3cfa737ddd3604376ba8df50c');
INSERT INTO `dc_identifying_role_binding` VALUES ('12', '0f692ff3cfa737ddd3604376ba8df50c');
COMMIT;

-- ----------------------------
-- Table structure for dc_label
-- ----------------------------
DROP TABLE IF EXISTS `dc_label`;
CREATE TABLE `dc_label` (
  `id` char(50) NOT NULL COMMENT ' 标签',
  `name` varchar(50) DEFAULT NULL COMMENT '标签名称',
  `url` varchar(255) DEFAULT NULL COMMENT '标签图片地址',
  PRIMARY KEY (`id`) USING BTREE
) ENGINE=InnoDB DEFAULT CHARSET=utf8mb4 ROW_FORMAT=DYNAMIC COMMENT='标签';

-- ----------------------------
-- Records of dc_label
-- ----------------------------
BEGIN;
COMMIT;

-- ----------------------------
-- Table structure for dc_library
-- ----------------------------
DROP TABLE IF EXISTS `dc_library`;
CREATE TABLE `dc_library` (
  `id` char(50) NOT NULL,
  `name` varchar(128) DEFAULT NULL COMMENT '名称',
  `share_role` enum('user','register','all') DEFAULT 'user' COMMENT '查看权限/成员开放、注册用户、完全开放',
  `share_password` varchar(255) DEFAULT NULL COMMENT '分享密码',
  `share` tinyint(1) DEFAULT '0' COMMENT '分享/不分享，分享',
  `share_validity_type` enum('PERPETUAL','ONE_DAY','SEVEN_DAY','THIRTY_DAY') DEFAULT NULL COMMENT '分享有效期',
  `share_end_time` datetime DEFAULT NULL COMMENT '分享结束时间',
  `share_link` varchar(255) DEFAULT NULL COMMENT '分享的文档链接,二维码可通过链接生成即可短链接',
  `share_key` varchar(64) DEFAULT NULL COMMENT '分享key',
  `type` enum('knowledge','directory','document_html','document_xlsx','document_map','document_flow','document_unrecognized','document_upload','office_doc','office_pdf','office_xlsx','office_ppt','office_csv','url_address','md','xmind') DEFAULT 'knowledge' COMMENT '类型\\知识库、目录、文本文档、表格文档、脑图文档、流程文档。',
  `parent_id` char(50) DEFAULT '0' COMMENT '上级ID',
  `size` bigint(20) DEFAULT '0' COMMENT '文档大小',
  `bucket_name` varchar(255) DEFAULT NULL COMMENT '桐名称',
  `file_path` text COMMENT '文件存储路径',
  `create_by` varchar(50) DEFAULT NULL COMMENT '创建人名称',
  `create_by_id` char(50) DEFAULT NULL COMMENT '创建者ID',
  `create_time` datetime DEFAULT CURRENT_TIMESTAMP COMMENT '创建时间',
  `update_by` varchar(50) DEFAULT NULL COMMENT '修改人',
  `update_time` datetime DEFAULT CURRENT_TIMESTAMP ON UPDATE CURRENT_TIMESTAMP COMMENT '更新时间',
  `del_flag` tinyint(1) DEFAULT '0' COMMENT '是否删除 0未删除  1已删除',
  `description` varchar(255) DEFAULT NULL COMMENT '描述',
  `remark` varchar(255) DEFAULT NULL COMMENT '备注',
  `tenant_id` char(50) DEFAULT NULL COMMENT '租户ID',
  `sub_json` json DEFAULT NULL COMMENT '子集目录的json',
  `order_id` int(11) DEFAULT '0' COMMENT '排序字段',
  `editing_by` char(50) DEFAULT NULL COMMENT '该文档此时正在被哪个用户编辑,没有则为null',
  `knowledge_id` char(50) DEFAULT NULL COMMENT '知识库id',
  `color` longtext COMMENT '知识库颜色',
  `read_notify` tinyint(1) DEFAULT '1' COMMENT '自动发送查看提醒开关',
  `label` json DEFAULT NULL COMMENT '标签',
  `searchable` tinyint(1) DEFAULT '1' COMMENT '是否允许搜索 0-否，1-是',
  `commentable` tinyint(1) DEFAULT '1' COMMENT '是否可评论 0-否，1-是',
  `other_json` varchar(255) DEFAULT NULL COMMENT '前端用于存储其他字段(例如:脑图需要一个type类型存储）',
  `name_suffix` varchar(50) DEFAULT NULL COMMENT '文件后缀名',
  `file_status` enum('NORMAL','UNDERWAY','FAILURE') DEFAULT 'NORMAL' COMMENT '文件状态',
  `source_id` varchar(50) DEFAULT NULL COMMENT '如果是转换的文件记录一下 源id',
  `error_message` text COMMENT '转换文件的报错信息',
  `share_link_original` varchar(255) DEFAULT NULL COMMENT '原有的字符串',
  `url_address` text COMMENT 'url地址',
  PRIMARY KEY (`id`) USING BTREE,
  KEY `idx_knowledge_id` (`knowledge_id`) USING BTREE,
  KEY `idx_parent_id` (`parent_id`) USING BTREE
) ENGINE=InnoDB DEFAULT CHARSET=utf8mb4 ROW_FORMAT=DYNAMIC COMMENT='知识库';

-- ----------------------------
-- Records of dc_library
-- ----------------------------
BEGIN;
COMMIT;

-- ----------------------------
-- Table structure for dc_library_administration
-- ----------------------------
DROP TABLE IF EXISTS `dc_library_administration`;
CREATE TABLE `dc_library_administration` (
  `id` varchar(50) NOT NULL,
  `library_type` enum('register','user','all') DEFAULT NULL COMMENT '可以变更的类型',
  `create_by` varchar(50) DEFAULT NULL COMMENT '创建人名称',
  `create_by_id` char(50) DEFAULT NULL COMMENT '创建者ID',
  `create_time` datetime DEFAULT CURRENT_TIMESTAMP COMMENT '创建时间',
  `update_by` varchar(50) DEFAULT NULL COMMENT '修改人',
  `update_time` datetime DEFAULT CURRENT_TIMESTAMP ON UPDATE CURRENT_TIMESTAMP COMMENT '更新时间',
  `tenant_id` char(50) DEFAULT NULL COMMENT '租户ID',
  `user_id` varchar(50) DEFAULT NULL COMMENT 'id',
  `user_type` enum('person','dept','job','role','user_group') NOT NULL DEFAULT 'person' COMMENT '数据权限类型',
  `name` varchar(255) DEFAULT NULL COMMENT '名称',
  PRIMARY KEY (`id`) USING BTREE
) ENGINE=InnoDB DEFAULT CHARSET=utf8mb4 ROW_FORMAT=DYNAMIC;

-- ----------------------------
-- Records of dc_library_administration
-- ----------------------------
BEGIN;
COMMIT;

-- ----------------------------
-- Table structure for dc_library_collect
-- ----------------------------
DROP TABLE IF EXISTS `dc_library_collect`;
CREATE TABLE `dc_library_collect` (
  `id` bigint(20) NOT NULL COMMENT 'id',
  `user_id` char(50) DEFAULT NULL COMMENT '用户id',
  `doc_id` char(50) DEFAULT NULL COMMENT '文档id',
  `create_time` datetime DEFAULT NULL COMMENT '收藏时间',
  PRIMARY KEY (`id`) USING BTREE
) ENGINE=InnoDB DEFAULT CHARSET=utf8mb4 ROW_FORMAT=DYNAMIC;

-- ----------------------------
-- Records of dc_library_collect
-- ----------------------------
BEGIN;
COMMIT;

-- ----------------------------
-- Table structure for dc_library_comment
-- ----------------------------
DROP TABLE IF EXISTS `dc_library_comment`;
CREATE TABLE `dc_library_comment` (
  `id` char(50) NOT NULL COMMENT '主键',
  `name` varchar(128) NOT NULL COMMENT '用户名',
  `user_id` char(50) NOT NULL COMMENT '用户id',
  `create_time` datetime DEFAULT CURRENT_TIMESTAMP COMMENT '创建时间',
  `message` longtext COMMENT '留言',
  `knowledge_id` char(50) DEFAULT NULL COMMENT '知识库id',
  `parent_id` char(50) DEFAULT NULL COMMENT '上级评论',
  PRIMARY KEY (`id`) USING BTREE
) ENGINE=InnoDB DEFAULT CHARSET=utf8mb4 ROW_FORMAT=DYNAMIC COMMENT='知识库-用户留言';

-- ----------------------------
-- Records of dc_library_comment
-- ----------------------------
BEGIN;
COMMIT;

-- ----------------------------
-- Table structure for dc_library_like
-- ----------------------------
DROP TABLE IF EXISTS `dc_library_like`;
CREATE TABLE `dc_library_like` (
  `id` char(50) COLLATE utf8mb4_bin NOT NULL COMMENT '主键ID',
  `user_id` char(50) COLLATE utf8mb4_bin NOT NULL COMMENT '用户ID',
  `real_name` varchar(64) COLLATE utf8mb4_bin DEFAULT NULL COMMENT '用户名',
  `biz_type` enum('LIBRARY','COMMENT') COLLATE utf8mb4_bin NOT NULL COMMENT '业务类型。LIBRARY-知识库，COMMENT-评论',
  `biz_resource_id` char(50) COLLATE utf8mb4_bin NOT NULL COMMENT '点赞资源id',
  `create_time` datetime DEFAULT CURRENT_TIMESTAMP COMMENT '创建时间',
  `update_time` datetime DEFAULT NULL ON UPDATE CURRENT_TIMESTAMP COMMENT '修改时间',
  `del_flag` tinyint(1) DEFAULT '0' COMMENT '0-正常，1-删除',
  PRIMARY KEY (`id`) USING BTREE,
  KEY `idx_resource` (`biz_resource_id`) USING BTREE
) ENGINE=InnoDB DEFAULT CHARSET=utf8mb4 COLLATE=utf8mb4_bin ROW_FORMAT=DYNAMIC COMMENT='知识库-点赞表';

-- ----------------------------
-- Records of dc_library_like
-- ----------------------------
BEGIN;
COMMIT;

-- ----------------------------
-- Table structure for dc_library_log
-- ----------------------------
DROP TABLE IF EXISTS `dc_library_log`;
CREATE TABLE `dc_library_log` (
  `id` char(50) NOT NULL,
  `dc_library_id` char(50) DEFAULT NULL COMMENT '文档的ID值',
  `user_name` varchar(50) DEFAULT NULL COMMENT '创建人名称',
  `create_time` datetime DEFAULT CURRENT_TIMESTAMP COMMENT '创建时间',
  `tenant_id` char(50) DEFAULT NULL COMMENT '租户ID',
  `operation_type` char(50) DEFAULT '--' COMMENT '操作类型',
  `knowledge_id` varchar(50) DEFAULT NULL COMMENT '知识库id',
  `dc_name` varchar(128) DEFAULT NULL COMMENT '文档名称',
  `type` enum('knowledge','directory','document_html','document_xlsx','document_map','document_flow','document_unrecognized','document_upload','office_doc','office_pdf','office_xlsx','office_ppt','office_csv','url_address','md','xmind') DEFAULT 'knowledge' COMMENT '类型\\知识库、目录、文本文档、表格文档、脑图文档、流程文档。',
  `user_id` varchar(50) DEFAULT NULL COMMENT '用户id',
  `parent_id` char(50) DEFAULT '0' COMMENT '上级ID',
  `name_suffix` varchar(50) DEFAULT NULL COMMENT '文件后缀名',
  PRIMARY KEY (`id`) USING BTREE
) ENGINE=InnoDB DEFAULT CHARSET=utf8mb4 ROW_FORMAT=DYNAMIC COMMENT='文档日志';

-- ----------------------------
-- Records of dc_library_log
-- ----------------------------
BEGIN;
COMMIT;

-- ----------------------------
-- Table structure for dc_library_read
-- ----------------------------
DROP TABLE IF EXISTS `dc_library_read`;
CREATE TABLE `dc_library_read` (
  `id` char(50) NOT NULL COMMENT '主键',
  `name` varchar(128) DEFAULT NULL COMMENT '用户名-标记为已读时，必须要登录',
  `create_time` datetime DEFAULT CURRENT_TIMESTAMP COMMENT '创建时间',
  `remark` varchar(255) DEFAULT NULL COMMENT '备注',
  `knowledge_id` char(50) DEFAULT NULL COMMENT '知识库id',
  `tenant_id` char(50) DEFAULT NULL COMMENT '租户',
  PRIMARY KEY (`id`) USING BTREE
) ENGINE=InnoDB DEFAULT CHARSET=utf8mb4 ROW_FORMAT=DYNAMIC COMMENT='知识库-用户已读记录';

-- ----------------------------
-- Records of dc_library_read
-- ----------------------------
BEGIN;
COMMIT;

-- ----------------------------
-- Table structure for dc_library_user
-- ----------------------------
DROP TABLE IF EXISTS `dc_library_user`;
CREATE TABLE `dc_library_user` (
  `id` char(50) NOT NULL,
  `user_id` char(50) DEFAULT NULL COMMENT '用户ID',
  `real_name` varchar(50) DEFAULT NULL COMMENT '用户名',
  `role` enum('owner','admin','member') DEFAULT NULL COMMENT '成员角色：所有者、管理员、成员',
  `dc_library_id` char(50) DEFAULT NULL COMMENT '知识库的ID值',
  `create_time` datetime DEFAULT CURRENT_TIMESTAMP COMMENT '创建时间',
  `update_time` datetime DEFAULT CURRENT_TIMESTAMP ON UPDATE CURRENT_TIMESTAMP COMMENT '更新时间',
  `del_flag` tinyint(1) DEFAULT '0' COMMENT '是否删除 0未删除  1已删除',
  `remark` varchar(255) DEFAULT NULL COMMENT '备注',
  `tenant_id` char(50) DEFAULT NULL COMMENT '租户ID',
  `create_by` varchar(255) DEFAULT NULL COMMENT '创建人名称',
  `update_by` varchar(50) DEFAULT NULL COMMENT '修改人',
  `create_by_id` char(50) DEFAULT NULL COMMENT '创建者ID',
  PRIMARY KEY (`id`) USING BTREE
) ENGINE=InnoDB DEFAULT CHARSET=utf8mb4 ROW_FORMAT=DYNAMIC COMMENT='知识库-文档对应的用户';

-- ----------------------------
-- Records of dc_library_user
-- ----------------------------
BEGIN;
COMMIT;

-- ----------------------------
-- Table structure for dc_role
-- ----------------------------
DROP TABLE IF EXISTS `dc_role`;
CREATE TABLE `dc_role` (
  `id` varchar(50) NOT NULL,
  `role_name` varchar(30) DEFAULT NULL COMMENT '角色名称',
  `create_by` varchar(50) DEFAULT NULL COMMENT '创建人名称',
  `create_by_id` char(50) DEFAULT NULL COMMENT '创建者ID',
  `create_time` datetime DEFAULT CURRENT_TIMESTAMP COMMENT '创建时间',
  `update_by` varchar(50) DEFAULT NULL COMMENT '修改人',
  `update_time` datetime DEFAULT CURRENT_TIMESTAMP ON UPDATE CURRENT_TIMESTAMP COMMENT '更新时间',
  `remark` varchar(255) DEFAULT NULL COMMENT '备注',
  `tenant_id` char(50) DEFAULT NULL COMMENT '租户ID',
  `is_default` tinyint(1) DEFAULT '0' COMMENT '是否为默认值',
  `role_type` enum('owner','user') DEFAULT 'user' COMMENT '角色类型',
  PRIMARY KEY (`id`) USING BTREE
) ENGINE=InnoDB DEFAULT CHARSET=utf8mb4 ROW_FORMAT=DYNAMIC COMMENT='文档角色表';

-- ----------------------------
-- Records of dc_role
-- ----------------------------
BEGIN;
INSERT INTO `dc_role` VALUES ('1', '所有者', NULL, NULL, '2022-02-16 15:37:13', NULL, '2022-04-15 11:28:57', '文库所有者，对文档有所有权限。', '1', 0, 'owner');
INSERT INTO `dc_role` VALUES ('2', '文库管理员', NULL, NULL, '2022-02-16 15:37:35', '浮世', '2022-06-23 14:48:07', '文档管理人员，对文档有管理权限。', '1', 1, 'user');
COMMIT;

-- ----------------------------
-- Table structure for dc_tag
-- ----------------------------
DROP TABLE IF EXISTS `dc_tag`;
CREATE TABLE `dc_tag` (
  `id` varchar(50) NOT NULL,
  `tag_name` varchar(255) DEFAULT NULL COMMENT '标签名称',
  `tenant_id` varchar(50) DEFAULT NULL COMMENT '租户ID',
  `colour` varchar(30) DEFAULT NULL COMMENT '颜色',
  `create_by` varchar(50) DEFAULT NULL COMMENT '创建人名称',
  `create_by_id` char(50) DEFAULT NULL COMMENT '创建者ID',
  `create_time` datetime DEFAULT CURRENT_TIMESTAMP COMMENT '创建时间',
  `update_by` varchar(50) DEFAULT NULL COMMENT '修改人',
  `update_time` datetime DEFAULT CURRENT_TIMESTAMP ON UPDATE CURRENT_TIMESTAMP COMMENT '更新时间',
  PRIMARY KEY (`id`) USING BTREE
) ENGINE=InnoDB DEFAULT CHARSET=utf8mb4 ROW_FORMAT=DYNAMIC COMMENT='文库标签';

-- ----------------------------
-- Records of dc_tag
-- ----------------------------
BEGIN;
COMMIT;

-- ----------------------------
-- Table structure for dc_tag_binding
-- ----------------------------
DROP TABLE IF EXISTS `dc_tag_binding`;
CREATE TABLE `dc_tag_binding` (
  `tag_id` varchar(50) NOT NULL COMMENT '标签id',
  `dc_id` varchar(50) NOT NULL COMMENT '知识库id'
) ENGINE=InnoDB DEFAULT CHARSET=utf8mb4 ROW_FORMAT=DYNAMIC COMMENT='知识库 与标签的绑定';

-- ----------------------------
-- Records of dc_tag_binding
-- ----------------------------
BEGIN;
COMMIT;

-- ----------------------------
-- Table structure for dc_template
-- ----------------------------
DROP TABLE IF EXISTS `dc_template`;
CREATE TABLE `dc_template` (
  `id` char(50) NOT NULL COMMENT 'id',
  `file_path` varchar(255) DEFAULT NULL COMMENT '文件存储路径',
  `bucket_name` varchar(255) DEFAULT NULL COMMENT '桶名称',
  `name` varchar(255) DEFAULT NULL COMMENT '文档名称',
  `type` varchar(255) DEFAULT NULL COMMENT '文档类型',
  `del_flag` tinyint(1) DEFAULT '0' COMMENT '逻辑删除',
  `create_time` datetime DEFAULT NULL COMMENT '创建时间',
  `update_time` datetime DEFAULT NULL COMMENT '修改时间',
  `create_by_id` char(50) DEFAULT NULL COMMENT '创建人ID',
  `create_by` varchar(50) DEFAULT NULL COMMENT '创建人',
  `update_by` varchar(50) DEFAULT NULL COMMENT '更新人',
  `other_json` varchar(255) DEFAULT NULL COMMENT '前端用于存储其他字段(例如:脑图需要一个type类型存储）',
  `cover_file_path` varchar(255) DEFAULT NULL COMMENT '封面桶名称',
  `cover_bucket_name` varchar(255) DEFAULT NULL COMMENT '封面文件路径',
  `type_id` varchar(50) DEFAULT NULL COMMENT 'type类型id',
  `template_type` enum('text','variable') DEFAULT 'text' COMMENT '模板类型',
  `name_suffix` varchar(50) DEFAULT NULL COMMENT '文件后缀名',
  `save_path_id` varchar(50) DEFAULT NULL COMMENT '模板替换时生成的新文档保存的父级',
  `tenant_id` char(50) DEFAULT NULL COMMENT '租户ID',
  PRIMARY KEY (`id`) USING BTREE
) ENGINE=InnoDB DEFAULT CHARSET=utf8mb4 ROW_FORMAT=DYNAMIC;

-- ----------------------------
-- Records of dc_template
-- ----------------------------
BEGIN;
COMMIT;

-- ----------------------------
-- Table structure for dc_template_type
-- ----------------------------
DROP TABLE IF EXISTS `dc_template_type`;
CREATE TABLE `dc_template_type` (
  `id` varchar(50) NOT NULL,
  `type_name` varchar(255) DEFAULT NULL COMMENT '类型名称',
  `create_time` datetime DEFAULT NULL COMMENT '创建时间',
  `update_time` datetime DEFAULT NULL COMMENT '修改时间',
  `create_by_id` char(50) DEFAULT NULL COMMENT '创建人ID',
  `create_by` varchar(50) DEFAULT NULL COMMENT '创建人',
  `update_by` varchar(50) DEFAULT NULL COMMENT '更新人',
  `icon` varchar(255) DEFAULT NULL COMMENT '图标',
  `template_type` enum('text','variable') DEFAULT 'text' COMMENT '模板类型',
  `tenant_id` char(50) DEFAULT NULL COMMENT '租户ID',
  PRIMARY KEY (`id`) USING BTREE
) ENGINE=InnoDB DEFAULT CHARSET=utf8mb4 ROW_FORMAT=DYNAMIC COMMENT='模板分类';

-- ----------------------------
-- Records of dc_template_type
-- ----------------------------
BEGIN;
COMMIT;

-- ----------------------------
-- Table structure for dc_template_variable
-- ----------------------------
DROP TABLE IF EXISTS `dc_template_variable`;
CREATE TABLE `dc_template_variable` (
  `id` varchar(50) NOT NULL,
  `name` varchar(255) DEFAULT NULL COMMENT '变量名称',
  `other_data` varchar(255) DEFAULT NULL COMMENT '其他值 其他客户定制开发可能需要的',
  `template_id` varchar(50) DEFAULT NULL COMMENT '模板id',
  `tenant_id` char(50) DEFAULT NULL COMMENT '租户ID',
  `remark` varchar(255) DEFAULT NULL COMMENT '变量备注或说明',
  PRIMARY KEY (`id`) USING BTREE
) ENGINE=InnoDB DEFAULT CHARSET=utf8mb4 ROW_FORMAT=DYNAMIC COMMENT='模板变量';

-- ----------------------------
-- Records of dc_template_variable
-- ----------------------------
BEGIN;
COMMIT;

-- ----------------------------
-- Table structure for dc_topping
-- ----------------------------
DROP TABLE IF EXISTS `dc_topping`;
CREATE TABLE `dc_topping` (
  `id` varchar(50) NOT NULL,
  `dc_id` varchar(50) DEFAULT NULL COMMENT '知识库id',
  `user_id` varchar(50) DEFAULT NULL COMMENT '用户id',
  `create_time` datetime DEFAULT CURRENT_TIMESTAMP COMMENT '创建时间',
  `tenant_id` char(50) DEFAULT NULL COMMENT '租户ID',
  PRIMARY KEY (`id`) USING BTREE
) ENGINE=InnoDB DEFAULT CHARSET=utf8mb4 ROW_FORMAT=DYNAMIC COMMENT='置顶数据';

-- ----------------------------
-- Records of dc_topping
-- ----------------------------
BEGIN;
COMMIT;

-- ----------------------------
-- Table structure for dc_util
-- ----------------------------
DROP TABLE IF EXISTS `dc_util`;
CREATE TABLE `dc_util` (
  `id` varchar(50) NOT NULL,
  `create_by` varchar(50) DEFAULT NULL COMMENT '创建人名称',
  `create_by_id` char(50) DEFAULT NULL COMMENT '创建者ID',
  `create_time` datetime DEFAULT CURRENT_TIMESTAMP COMMENT '创建时间',
  `update_by` varchar(50) DEFAULT NULL COMMENT '修改人',
  `update_time` datetime DEFAULT CURRENT_TIMESTAMP ON UPDATE CURRENT_TIMESTAMP COMMENT '更新时间',
  `del_flag` tinyint(1) DEFAULT '0' COMMENT '是否删除 0未删除  1已删除',
  `tenant_id` char(50) DEFAULT NULL COMMENT '租户ID',
  `name` varchar(128) DEFAULT NULL COMMENT '名称-此名称用于文件生成时的名称',
  `operation_type` enum('ocr','merge','transition') DEFAULT NULL COMMENT '文件操作类型',
  `extend_json` json DEFAULT NULL COMMENT '扩展参数-不同的操作类型可能会存在不同的参数',
  PRIMARY KEY (`id`) USING BTREE
) ENGINE=InnoDB DEFAULT CHARSET=utf8mb4 ROW_FORMAT=DYNAMIC COMMENT='工具类';

-- ----------------------------
-- Records of dc_util
-- ----------------------------
BEGIN;
COMMIT;

-- ----------------------------
-- Table structure for dc_util_file
-- ----------------------------
DROP TABLE IF EXISTS `dc_util_file`;
CREATE TABLE `dc_util_file` (
  `id` varchar(50) NOT NULL,
  `bucket_name` varchar(255) DEFAULT NULL COMMENT '桶名称',
  `file_path` text COMMENT '文件存储路径',
  `tenant_id` char(50) DEFAULT NULL COMMENT '租户ID',
  `dc_util_id` varchar(50) DEFAULT NULL COMMENT '工具id',
  `file_status` tinyint(1) DEFAULT '0' COMMENT '是否为处理完成后的文件',
  PRIMARY KEY (`id`) USING BTREE
) ENGINE=InnoDB DEFAULT CHARSET=utf8mb4 ROW_FORMAT=DYNAMIC COMMENT='工具-文件存储';

-- ----------------------------
-- Records of dc_util_file
-- ----------------------------
BEGIN;
COMMIT;

-- ----------------------------
-- Table structure for dc_version
-- ----------------------------
DROP TABLE IF EXISTS `dc_version`;
CREATE TABLE `dc_version` (
  `id` varchar(50) NOT NULL COMMENT 'id',
  `dc_id` varchar(50) NOT NULL COMMENT '文档id',
  `version_number` varchar(30) DEFAULT NULL COMMENT '版本号',
  `create_time` datetime DEFAULT CURRENT_TIMESTAMP COMMENT '创建时间',
  `update_time` datetime DEFAULT CURRENT_TIMESTAMP ON UPDATE CURRENT_TIMESTAMP COMMENT '更新时间',
  `mongodb_content` json DEFAULT NULL COMMENT 'mongodb的数据',
  `bucket_name` varchar(255) DEFAULT NULL COMMENT '桐名称',
  `file_path` text COMMENT '文件存储路径',
  `voluntarily_is` tinyint(1) DEFAULT '1' COMMENT '是否为自动封装的版本号',
  PRIMARY KEY (`id`) USING BTREE
) ENGINE=InnoDB DEFAULT CHARSET=utf8mb4 ROW_FORMAT=DYNAMIC COMMENT='版本号管理';

-- ----------------------------
-- Records of dc_version
-- ----------------------------
BEGIN;
COMMIT;

-- ----------------------------
-- Table structure for message_config
-- ----------------------------
DROP TABLE IF EXISTS `message_config`;
CREATE TABLE `message_config` (
  `id` varchar(50) NOT NULL,
  `message_type` enum('sms','email','inside','wx_template') DEFAULT NULL COMMENT '消息类型',
  `facilitator` varchar(20) DEFAULT NULL COMMENT '消息服务商与模板中的对应',
  `message_id` varchar(50) DEFAULT NULL COMMENT '消息id',
  `operation_type` enum('library_del','library_update','document_del','document_update','document_add') DEFAULT NULL COMMENT '操作类型',
  `business_id` varchar(50) DEFAULT NULL COMMENT '业务id 文档id',
  `role_id` text COMMENT 'roleId',
  `create_by` varchar(50) DEFAULT NULL COMMENT '创建人名称',
  `create_by_id` char(50) DEFAULT NULL COMMENT '创建者ID',
  `create_time` datetime DEFAULT CURRENT_TIMESTAMP COMMENT '创建时间',
  `update_by` varchar(50) DEFAULT NULL COMMENT '修改人',
  `update_time` datetime DEFAULT CURRENT_TIMESTAMP ON UPDATE CURRENT_TIMESTAMP COMMENT '更新时间',
  `tenant_id` char(50) DEFAULT NULL COMMENT '租户ID',
  PRIMARY KEY (`id`) USING BTREE
) ENGINE=InnoDB DEFAULT CHARSET=utf8mb4 ROW_FORMAT=DYNAMIC COMMENT='消息绑定';

-- ----------------------------
-- Records of message_config
-- ----------------------------
BEGIN;
COMMIT;

-- ----------------------------
-- Table structure for message_email
-- ----------------------------
DROP TABLE IF EXISTS `message_email`;
CREATE TABLE `message_email` (
  `id` varchar(50) NOT NULL,
  `facilitator` varchar(20) DEFAULT 'email' COMMENT '服务商',
  `name` varchar(255) DEFAULT NULL COMMENT '模板名称',
  `content` varchar(255) DEFAULT NULL COMMENT '内容',
  `create_by` varchar(50) DEFAULT NULL COMMENT '创建人名称',
  `create_by_id` char(50) DEFAULT NULL COMMENT '创建者ID',
  `create_time` datetime DEFAULT CURRENT_TIMESTAMP COMMENT '创建时间',
  `update_by` varchar(50) DEFAULT NULL COMMENT '修改人',
  `update_time` datetime DEFAULT CURRENT_TIMESTAMP ON UPDATE CURRENT_TIMESTAMP COMMENT '更新时间',
  `tenant_id` char(50) DEFAULT NULL COMMENT '租户ID',
  PRIMARY KEY (`id`) USING BTREE
) ENGINE=InnoDB DEFAULT CHARSET=utf8mb4 ROW_FORMAT=DYNAMIC COMMENT='消息模板-邮箱';

-- ----------------------------
-- Records of message_email
-- ----------------------------
BEGIN;
COMMIT;

-- ----------------------------
-- Table structure for message_inside
-- ----------------------------
DROP TABLE IF EXISTS `message_inside`;
CREATE TABLE `message_inside` (
  `id` varchar(50) NOT NULL,
  `facilitator` varchar(20) DEFAULT 'inside' COMMENT '服务商',
  `name` varchar(255) DEFAULT NULL COMMENT '模板名称',
  `content` varchar(255) DEFAULT NULL COMMENT '内容',
  `create_by` varchar(50) DEFAULT NULL COMMENT '创建人名称',
  `create_by_id` char(50) DEFAULT NULL COMMENT '创建者ID',
  `create_time` datetime DEFAULT CURRENT_TIMESTAMP COMMENT '创建时间',
  `update_by` varchar(50) DEFAULT NULL COMMENT '修改人',
  `update_time` datetime DEFAULT CURRENT_TIMESTAMP ON UPDATE CURRENT_TIMESTAMP COMMENT '更新时间',
  `tenant_id` char(50) DEFAULT NULL COMMENT '租户ID',
  PRIMARY KEY (`id`) USING BTREE
) ENGINE=InnoDB DEFAULT CHARSET=utf8mb4 ROW_FORMAT=DYNAMIC COMMENT='消息模板-站内信';

-- ----------------------------
-- Records of message_inside
-- ----------------------------
BEGIN;
COMMIT;

-- ----------------------------
-- Table structure for message_sms
-- ----------------------------
DROP TABLE IF EXISTS `message_sms`;
CREATE TABLE `message_sms` (
  `id` varchar(50) NOT NULL,
  `sign_name` varchar(255) DEFAULT NULL COMMENT '短信签名名称',
  `template_code` varchar(255) DEFAULT NULL COMMENT '短信模板CODE',
  `sms_up_extend_code` varchar(255) DEFAULT NULL COMMENT '上行短信扩展码',
  `facilitator` varchar(20) DEFAULT 'aliSms' COMMENT '服务商',
  `content` varchar(255) DEFAULT NULL COMMENT '内容',
  `create_by` varchar(50) DEFAULT NULL COMMENT '创建人名称',
  `create_by_id` char(50) DEFAULT NULL COMMENT '创建者ID',
  `create_time` datetime DEFAULT CURRENT_TIMESTAMP COMMENT '创建时间',
  `update_by` varchar(50) DEFAULT NULL COMMENT '修改人',
  `update_time` datetime DEFAULT CURRENT_TIMESTAMP ON UPDATE CURRENT_TIMESTAMP COMMENT '更新时间',
  `tenant_id` char(50) DEFAULT NULL COMMENT '租户ID',
  `name` varchar(255) DEFAULT NULL COMMENT '模板名称',
  PRIMARY KEY (`id`) USING BTREE
) ENGINE=InnoDB DEFAULT CHARSET=utf8mb4 ROW_FORMAT=DYNAMIC COMMENT='短信消息';

-- ----------------------------
-- Records of message_sms
-- ----------------------------
BEGIN;
COMMIT;

-- ----------------------------
-- Table structure for message_template_variable
-- ----------------------------
DROP TABLE IF EXISTS `message_template_variable`;
CREATE TABLE `message_template_variable` (
  `id` varchar(50) NOT NULL,
  `variable_explain` varchar(255) DEFAULT NULL COMMENT '变量中文名称',
  `variable_name` varchar(255) DEFAULT NULL COMMENT '变量名称',
  `remark` varchar(255) DEFAULT NULL COMMENT '备注',
  `create_by` varchar(50) DEFAULT NULL COMMENT '创建人名称',
  `create_by_id` char(50) DEFAULT NULL COMMENT '创建者ID',
  `create_time` datetime DEFAULT CURRENT_TIMESTAMP COMMENT '创建时间',
  `update_by` varchar(50) DEFAULT NULL COMMENT '修改人',
  `update_time` datetime DEFAULT CURRENT_TIMESTAMP ON UPDATE CURRENT_TIMESTAMP COMMENT '更新时间',
  PRIMARY KEY (`id`) USING BTREE
) ENGINE=InnoDB DEFAULT CHARSET=utf8mb4 ROW_FORMAT=DYNAMIC COMMENT='消息变量';

-- ----------------------------
-- Records of message_template_variable
-- ----------------------------
BEGIN;
COMMIT;

-- ----------------------------
-- Table structure for message_variable_bin_ding
-- ----------------------------
DROP TABLE IF EXISTS `message_variable_bin_ding`;
CREATE TABLE `message_variable_bin_ding` (
  `id` varchar(50) NOT NULL,
  `variable_id` varchar(50) DEFAULT NULL COMMENT '变量id',
  `variable_name` varchar(255) DEFAULT NULL COMMENT '变量名称',
  `variable_explain` varchar(255) DEFAULT NULL COMMENT '变量中文名称',
  `message_id` varchar(50) DEFAULT NULL COMMENT '消息id',
  `colour` varchar(255) DEFAULT NULL COMMENT 'colour',
  `message_variable_name` varchar(255) DEFAULT NULL COMMENT '消息变量名称',
  `create_by` varchar(50) DEFAULT NULL COMMENT '创建人名称',
  `create_by_id` char(50) DEFAULT NULL COMMENT '创建者ID',
  `create_time` datetime DEFAULT CURRENT_TIMESTAMP COMMENT '创建时间',
  `update_by` varchar(50) DEFAULT NULL COMMENT '修改人',
  `update_time` datetime DEFAULT CURRENT_TIMESTAMP ON UPDATE CURRENT_TIMESTAMP COMMENT '更新时间',
  `tenant_id` char(50) DEFAULT NULL COMMENT '租户ID',
  PRIMARY KEY (`id`) USING BTREE
) ENGINE=InnoDB DEFAULT CHARSET=utf8mb4 ROW_FORMAT=DYNAMIC COMMENT='权限与角色的绑定关系';

-- ----------------------------
-- Records of message_variable_bin_ding
-- ----------------------------
BEGIN;
COMMIT;

-- ----------------------------
-- Table structure for message_wechat
-- ----------------------------
DROP TABLE IF EXISTS `message_wechat`;
CREATE TABLE `message_wechat` (
  `id` varchar(50) NOT NULL,
  `facilitator` varchar(20) DEFAULT 'accountTemplate' COMMENT '服务商',
  `name` varchar(255) DEFAULT NULL COMMENT '模板名称',
  `content` varchar(255) DEFAULT NULL COMMENT '内容',
  `create_by` varchar(50) DEFAULT NULL COMMENT '创建人名称',
  `create_by_id` char(50) DEFAULT NULL COMMENT '创建者ID',
  `create_time` datetime DEFAULT CURRENT_TIMESTAMP COMMENT '创建时间',
  `update_by` varchar(50) DEFAULT NULL COMMENT '修改人',
  `update_time` datetime DEFAULT CURRENT_TIMESTAMP ON UPDATE CURRENT_TIMESTAMP COMMENT '更新时间',
  `tenant_id` char(50) DEFAULT NULL COMMENT '租户ID',
  `wechat_template_id` varchar(50) DEFAULT NULL COMMENT '模板id',
  PRIMARY KEY (`id`) USING BTREE
) ENGINE=InnoDB DEFAULT CHARSET=utf8mb4 ROW_FORMAT=DYNAMIC;

-- ----------------------------
-- Records of message_wechat
-- ----------------------------
BEGIN;
COMMIT;

-- ----------------------------
-- Table structure for sql_performance
-- ----------------------------
DROP TABLE IF EXISTS `sql_performance`;
CREATE TABLE `sql_performance` (
  `id` int(20) NOT NULL AUTO_INCREMENT COMMENT '主键',
  `sql` varchar(255) DEFAULT NULL,
  `start_time` int(11) DEFAULT NULL,
  `end_time` int(11) DEFAULT NULL,
  `consuming_time` int(11) DEFAULT NULL,
  `access_type` text,
  `slow_sql` varchar(255) DEFAULT NULL,
  `app_name` varchar(50) DEFAULT NULL,
  PRIMARY KEY (`id`) USING BTREE
) ENGINE=InnoDB DEFAULT CHARSET=utf8mb4 ROW_FORMAT=DYNAMIC COMMENT='保存执行计划表';

-- ----------------------------
-- Records of sql_performance
-- ----------------------------
BEGIN;
COMMIT;

-- ----------------------------
-- Table structure for sys_file
-- ----------------------------
DROP TABLE IF EXISTS `sys_file`;
CREATE TABLE `sys_file` (
  `id` char(50) NOT NULL,
  `file_name` varchar(255) DEFAULT NULL COMMENT '文件名 ',
  `file_type` varchar(60) DEFAULT NULL COMMENT '文件类型',
  `bucket_name` varchar(255) DEFAULT NULL COMMENT '桶名',
  `module` varchar(255) DEFAULT NULL COMMENT '模块名',
  `create_time` datetime DEFAULT NULL COMMENT '上传时间',
  `file_path` varchar(400) DEFAULT NULL COMMENT '文件地址',
  `size` bigint(11) DEFAULT NULL COMMENT '文件大小 单位:字节',
  `remark` varchar(255) DEFAULT NULL COMMENT '业务备注',
  `label` varchar(255) DEFAULT NULL COMMENT '标签',
  `file_link` varchar(255) DEFAULT NULL COMMENT '占位字段',
  PRIMARY KEY (`id`) USING BTREE,
  KEY `create_time` (`create_time`) USING BTREE
) ENGINE=InnoDB DEFAULT CHARSET=utf8mb4 ROW_FORMAT=DYNAMIC COMMENT='文件统一管理，不包含租户信息，只做文件转发和统一保存管理';

-- ----------------------------
-- Records of sys_file
-- ----------------------------
BEGIN;
COMMIT;

-- ----------------------------
-- Table structure for sys_log
-- ----------------------------
DROP TABLE IF EXISTS `sys_log`;
CREATE TABLE `sys_log` (
  `id` char(50) NOT NULL,
  `business_name` varchar(32) DEFAULT NULL COMMENT '项目名',
  `function_name` varchar(64) DEFAULT NULL COMMENT '功能名',
  `start_time` datetime DEFAULT NULL COMMENT '开始时间',
  `end_time` datetime DEFAULT NULL COMMENT '结束时间',
  `method_name` varchar(128) DEFAULT NULL COMMENT '方法名',
  `class_name` varchar(255) DEFAULT NULL COMMENT '类名',
  `thread_user` json DEFAULT NULL COMMENT '当前用户对象JSON',
  `parameters` json DEFAULT NULL COMMENT '请求参数对象JSON',
  `tid` varchar(128) DEFAULT '--' COMMENT 'tid',
  `version` varchar(32) DEFAULT NULL COMMENT '版本号',
  `consuming_time` int(11) DEFAULT NULL COMMENT '耗时',
  `return_obj` json DEFAULT NULL COMMENT '返回对象JSON',
  `status` tinyint(1) DEFAULT '0' COMMENT '返回状态是否是成功',
  `ip` varchar(50) DEFAULT NULL COMMENT '请求IP地址',
  `elements` longtext COMMENT '异常数据JSON',
  `exception_message` text COMMENT '异常消息数据',
  `env` varchar(255) DEFAULT NULL COMMENT '环境参数',
  `api` text COMMENT 'api地址',
  `type` tinyint(1) DEFAULT '1' COMMENT '日志类型:1-AOP拦截,2-过程中的日志,3-自定义日志',
  `user_name` varchar(255) DEFAULT '--' COMMENT '用户名称',
  `create_date` datetime DEFAULT CURRENT_TIMESTAMP COMMENT '创建时间',
  `tenant_id` char(50) DEFAULT '--' COMMENT '租户id',
  `operation_type` char(50) DEFAULT '--' COMMENT '操作类型',
  `client_id` char(200) DEFAULT '--' COMMENT '终端',
  `client_name` varchar(255) DEFAULT NULL COMMENT '终端名称',
  `user_id` char(50) DEFAULT NULL COMMENT '用户ID',
  PRIMARY KEY (`id`) USING BTREE,
  KEY `start_time` (`start_time`) USING BTREE,
  KEY `client_id` (`client_id`(191)) USING BTREE
) ENGINE=InnoDB DEFAULT CHARSET=utf8mb4 ROW_FORMAT=DYNAMIC COMMENT='请求日志';

-- ----------------------------
-- Records of sys_log
-- ----------------------------
BEGIN;
COMMIT;

SET FOREIGN_KEY_CHECKS = 1;
